hours_requested,run_time,forecast_time,irradiance_column_used,irradiance_Wm2,area_m2,eta_stc,gamma_per_C,NOCT_C,T_ambient_C,T_cell_C,eta_temp_adj,PR,P_out_kW,EGR_kWh
9,2026-01-19T11:52:47+01:00,2026-01-20T08:00,shortwave_radiation,0,40,0.17,-0.004,45,-0.6,-0.6,0.18741,0.86,0,0
9,2026-01-19T11:52:47+01:00,2026-01-20T08:01,shortwave_radiation,0,40,0.17,-0.004,45,-0.6,-0.6,0.18741,0.86,0,0
9,2026-01-19T11:52:47+01:00,2026-01-20T08:02,shortwave_radiation,0,40,0.17,-0.004,45,-0.6,-0.6,0.18741,0.86,0,0
9,2026-01-19T11:52:47+01:00,2026-01-20T08:03,shortwave_radiation,0,40,0.17,-0.004,45,-0.6,-0.6,0.18741,0.86,0,0
9,2026-01-19T11:52:47+01:00,2026-01-20T08:04,shortwave_radiation,0,40,0.17,-0.004,45,-0.6,-0.6,0.18741,0.86,0,0
9,2026-01-19T11:52:47+01:00,2026-01-20T08:05,shortwave_radiation,0,40,0.17,-0.004,45,-0.6,-0.6,0.18741,0.86,0,0
9,2026-01-19T11:52:47+01:00,2026-01-20T08:06,shortwave_radiation,0,40,0.17,-0.004,45,-0.6,-0.6,0.18741,0.86,0,0
9,2026-01-19T11:52:47+01:00,2026-01-20T08:07,shortwave_radiation,0,40,0.17,-0.004,45,-0.6,-0.6,0.18741,0.86,0,0
9,2026-01-19T11:52:47+01:00,2026-01-20T08:08,shortwave_radiation,0,40,0.17,-0.004,45,-0.6,-0.6,0.18741,0.86,0,0
9,2026-01-19T11:52:47+01:00,2026-01-20T08:09,shortwave_radiation,0,40,0.17,-0.004,45,-0.6,-0.6,0.18741,0.86,0,0
9,2026-01-19T11:52:47+01:00,2026-01-20T08:10,shortwave_radiation,0,40,0.17,-0.004,45,-0.6,-0.6,0.18741,0.86,0,0
9,2026-01-19T11:52:47+01:00,2026-01-20T08:11,shortwave_radiation,0,40,0.17,-0.004,45,-0.6,-0.6,0.18741,0.86,0,0
9,2026-01-19T11:52:47+01:00,2026-01-20T08:12,shortwave_radiation,0,40,0.17,-0.004,45,-0.6,-0.6,0.18741,0.86,0,0
9,2026-01-19T11:52:47+01:00,2026-01-20T08:13,shortwave_radiation,0,40,0.17,-0.004,45,-0.6,-0.6,0.18741,0.86,0,0
9,2026-01-19T11:52:47+01:00,2026-01-20T08:14,shortwave_radiation,0,40,0.17,-0.004,45,-0.6,-0.6,0.18741,0.86,0,0
9,2026-01-19T11:52:47+01:00,2026-01-20T08:15,shortwave_radiation,3,40,0.17,-0.004,45,-0.6,-0.51,0.18734,0.86,0.019334,0.00032223
9,2026-01-19T11:52:47+01:00,2026-01-20T08:16,shortwave_radiation,3,40,0.17,-0.004,45,-0.6,-0.51,0.18734,0.86,0.019334,0.00032223
9,2026-01-19T11:52:47+01:00,2026-01-20T08:17,shortwave_radiation,3,40,0.17,-0.004,45,-0.6,-0.51,0.18734,0.86,0.019334,0.00032223
9,2026-01-19T11:52:47+01:00,2026-01-20T08:18,shortwave_radiation,3,40,0.17,-0.004,45,-0.6,-0.51,0.18734,0.86,0.019334,0.00032223
9,2026-01-19T11:52:47+01:00,2026-01-20T08:19,shortwave_radiation,3,40,0.17,-0.004,45,-0.6,-0.51,0.18734,0.86,0.019334,0.00032223
9,2026-01-19T11:52:47+01:00,2026-01-20T08:20,shortwave_radiation,3,40,0.17,-0.004,45,-0.6,-0.51,0.18734,0.86,0.019334,0.00032223
9,2026-01-19T11:52:47+01:00,2026-01-20T08:21,shortwave_radiation,3,40,0.17,-0.004,45,-0.6,-0.51,0.18734,0.86,0.019334,0.00032223
9,2026-01-19T11:52:47+01:00,2026-01-20T08:22,shortwave_radiation,3,40,0.17,-0.004,45,-0.6,-0.51,0.18734,0.86,0.019334,0.00032223
9,2026-01-19T11:52:47+01:00,2026-01-20T08:23,shortwave_radiation,3,40,0.17,-0.004,45,-0.6,-0.51,0.18734,0.86,0.019334,0.00032223
9,2026-01-19T11:52:47+01:00,2026-01-20T08:24,shortwave_radiation,3,40,0.17,-0.004,45,-0.6,-0.51,0.18734,0.86,0.019334,0.00032223
9,2026-01-19T11:52:47+01:00,2026-01-20T08:25,shortwave_radiation,3,40,0.17,-0.004,45,-0.6,-0.51,0.18734,0.86,0.019334,0.00032223
9,2026-01-19T11:52:47+01:00,2026-01-20T08:26,shortwave_radiation,3,40,0.17,-0.004,45,-0.6,-0.51,0.18734,0.86,0.019334,0.00032223
9,2026-01-19T11:52:47+01:00,2026-01-20T08:27,shortwave_radiation,3,40,0.17,-0.004,45,-0.6,-0.51,0.18734,0.86,0.019334,0.00032223
9,2026-01-19T11:52:47+01:00,2026-01-20T08:28,shortwave_radiation,3,40,0.17,-0.004,45,-0.6,-0.51,0.18734,0.86,0.019334,0.00032223
9,2026-01-19T11:52:47+01:00,2026-01-20T08:29,shortwave_radiation,3,40,0.17,-0.004,45,-0.6,-0.51,0.18734,0.86,0.019334,0.00032223
9,2026-01-19T11:52:47+01:00,2026-01-20T08:30,shortwave_radiation,8,40,0.17,-0.004,45,-0.6,-0.35,0.18724,0.86,0.051528,0.0008588
9,2026-01-19T11:52:47+01:00,2026-01-20T08:31,shortwave_radiation,8,40,0.17,-0.004,45,-0.6,-0.35,0.18724,0.86,0.051528,0.0008588
9,2026-01-19T11:52:47+01:00,2026-01-20T08:32,shortwave_radiation,8,40,0.17,-0.004,45,-0.6,-0.35,0.18724,0.86,0.051528,0.0008588
9,2026-01-19T11:52:47+01:00,2026-01-20T08:33,shortwave_radiation,8,40,0.17,-0.004,45,-0.6,-0.35,0.18724,0.86,0.051528,0.0008588
9,2026-01-19T11:52:47+01:00,2026-01-20T08:34,shortwave_radiation,8,40,0.17,-0.004,45,-0.6,-0.35,0.18724,0.86,0.051528,0.0008588
9,2026-01-19T11:52:47+01:00,2026-01-20T08:35,shortwave_radiation,8,40,0.17,-0.004,45,-0.6,-0.35,0.18724,0.86,0.051528,0.0008588
9,2026-01-19T11:52:47+01:00,2026-01-20T08:36,shortwave_radiation,8,40,0.17,-0.004,45,-0.6,-0.35,0.18724,0.86,0.051528,0.0008588
9,2026-01-19T11:52:47+01:00,2026-01-20T08:37,shortwave_radiation,8,40,0.17,-0.004,45,-0.6,-0.35,0.18724,0.86,0.051528,0.0008588
9,2026-01-19T11:52:47+01:00,2026-01-20T08:38,shortwave_radiation,8,40,0.17,-0.004,45,-0.6,-0.35,0.18724,0.86,0.051528,0.0008588
9,2026-01-19T11:52:47+01:00,2026-01-20T08:39,shortwave_radiation,8,40,0.17,-0.004,45,-0.6,-0.35,0.18724,0.86,0.051528,0.0008588
9,2026-01-19T11:52:47+01:00,2026-01-20T08:40,shortwave_radiation,8,40,0.17,-0.004,45,-0.6,-0.35,0.18724,0.86,0.051528,0.0008588
9,2026-01-19T11:52:47+01:00,2026-01-20T08:41,shortwave_radiation,8,40,0.17,-0.004,45,-0.6,-0.35,0.18724,0.86,0.051528,0.0008588
9,2026-01-19T11:52:47+01:00,2026-01-20T08:42,shortwave_radiation,8,40,0.17,-0.004,45,-0.6,-0.35,0.18724,0.86,0.051528,0.0008588
9,2026-01-19T11:52:47+01:00,2026-01-20T08:43,shortwave_radiation,8,40,0.17,-0.004,45,-0.6,-0.35,0.18724,0.86,0.051528,0.0008588
9,2026-01-19T11:52:47+01:00,2026-01-20T08:44,shortwave_radiation,8,40,0.17,-0.004,45,-0.6,-0.35,0.18724,0.86,0.051528,0.0008588
9,2026-01-19T11:52:47+01:00,2026-01-20T08:45,shortwave_radiation,14,40,0.17,-0.004,45,-0.4,0.04,0.18697,0.86,0.090047,0.00150078
9,2026-01-19T11:52:47+01:00,2026-01-20T08:46,shortwave_radiation,14,40,0.17,-0.004,45,-0.4,0.04,0.18697,0.86,0.090047,0.00150078
9,2026-01-19T11:52:47+01:00,2026-01-20T08:47,shortwave_radiation,14,40,0.17,-0.004,45,-0.4,0.04,0.18697,0.86,0.090047,0.00150078
9,2026-01-19T11:52:47+01:00,2026-01-20T08:48,shortwave_radiation,14,40,0.17,-0.004,45,-0.4,0.04,0.18697,0.86,0.090047,0.00150078
9,2026-01-19T11:52:47+01:00,2026-01-20T08:49,shortwave_radiation,14,40,0.17,-0.004,45,-0.4,0.04,0.18697,0.86,0.090047,0.00150078
9,2026-01-19T11:52:47+01:00,2026-01-20T08:50,shortwave_radiation,14,40,0.17,-0.004,45,-0.4,0.04,0.18697,0.86,0.090047,0.00150078
9,2026-01-19T11:52:47+01:00,2026-01-20T08:51,shortwave_radiation,14,40,0.17,-0.004,45,-0.4,0.04,0.18697,0.86,0.090047,0.00150078
9,2026-01-19T11:52:47+01:00,2026-01-20T08:52,shortwave_radiation,14,40,0.17,-0.004,45,-0.4,0.04,0.18697,0.86,0.090047,0.00150078
9,2026-01-19T11:52:47+01:00,2026-01-20T08:53,shortwave_radiation,14,40,0.17,-0.004,45,-0.4,0.04,0.18697,0.86,0.090047,0.00150078
9,2026-01-19T11:52:47+01:00,2026-01-20T08:54,shortwave_radiation,14,40,0.17,-0.004,45,-0.4,0.04,0.18697,0.86,0.090047,0.00150078
9,2026-01-19T11:52:47+01:00,2026-01-20T08:55,shortwave_radiation,14,40,0.17,-0.004,45,-0.4,0.04,0.18697,0.86,0.090047,0.00150078
9,2026-01-19T11:52:47+01:00,2026-01-20T08:56,shortwave_radiation,14,40,0.17,-0.004,45,-0.4,0.04,0.18697,0.86,0.090047,0.00150078
9,2026-01-19T11:52:47+01:00,2026-01-20T08:57,shortwave_radiation,14,40,0.17,-0.004,45,-0.4,0.04,0.18697,0.86,0.090047,0.00150078
9,2026-01-19T11:52:47+01:00,2026-01-20T08:58,shortwave_radiation,14,40,0.17,-0.004,45,-0.4,0.04,0.18697,0.86,0.090047,0.00150078
9,2026-01-19T11:52:47+01:00,2026-01-20T08:59,shortwave_radiation,14,40,0.17,-0.004,45,-0.4,0.04,0.18697,0.86,0.090047,0.00150078
9,2026-01-19T11:52:47+01:00,2026-01-20T09:00,shortwave_radiation,23,40,0.17,-0.004,45,-0.4,0.32,0.18678,0.86,0.147783,0.00246305
9,2026-01-19T11:52:47+01:00,2026-01-20T09:01,shortwave_radiation,23,40,0.17,-0.004,45,-0.4,0.32,0.18678,0.86,0.147783,0.00246305
9,2026-01-19T11:52:47+01:00,2026-01-20T09:02,shortwave_radiation,23,40,0.17,-0.004,45,-0.4,0.32,0.18678,0.86,0.147783,0.00246305
9,2026-01-19T11:52:47+01:00,2026-01-20T09:03,shortwave_radiation,23,40,0.17,-0.004,45,-0.4,0.32,0.18678,0.86,0.147783,0.00246305
9,2026-01-19T11:52:47+01:00,2026-01-20T09:04,shortwave_radiation,23,40,0.17,-0.004,45,-0.4,0.32,0.18678,0.86,0.147783,0.00246305
9,2026-01-19T11:52:47+01:00,2026-01-20T09:05,shortwave_radiation,23,40,0.17,-0.004,45,-0.4,0.32,0.18678,0.86,0.147783,0.00246305
9,2026-01-19T11:52:47+01:00,2026-01-20T09:06,shortwave_radiation,23,40,0.17,-0.004,45,-0.4,0.32,0.18678,0.86,0.147783,0.00246305
9,2026-01-19T11:52:47+01:00,2026-01-20T09:07,shortwave_radiation,23,40,0.17,-0.004,45,-0.4,0.32,0.18678,0.86,0.147783,0.00246305
9,2026-01-19T11:52:47+01:00,2026-01-20T09:08,shortwave_radiation,23,40,0.17,-0.004,45,-0.4,0.32,0.18678,0.86,0.147783,0.00246305
9,2026-01-19T11:52:47+01:00,2026-01-20T09:09,shortwave_radiation,23,40,0.17,-0.004,45,-0.4,0.32,0.18678,0.86,0.147783,0.00246305
9,2026-01-19T11:52:47+01:00,2026-01-20T09:10,shortwave_radiation,23,40,0.17,-0.004,45,-0.4,0.32,0.18678,0.86,0.147783,0.00246305
9,2026-01-19T11:52:47+01:00,2026-01-20T09:11,shortwave_radiation,23,40,0.17,-0.004,45,-0.4,0.32,0.18678,0.86,0.147783,0.00246305
9,2026-01-19T11:52:47+01:00,2026-01-20T09:12,shortwave_radiation,23,40,0.17,-0.004,45,-0.4,0.32,0.18678,0.86,0.147783,0.00246305
9,2026-01-19T11:52:47+01:00,2026-01-20T09:13,shortwave_radiation,23,40,0.17,-0.004,45,-0.4,0.32,0.18678,0.86,0.147783,0.00246305
9,2026-01-19T11:52:47+01:00,2026-01-20T09:14,shortwave_radiation,23,40,0.17,-0.004,45,-0.4,0.32,0.18678,0.86,0.147783,0.00246305
9,2026-01-19T11:52:47+01:00,2026-01-20T09:15,shortwave_radiation,23,40,0.17,-0.004,45,-0.4,0.32,0.18678,0.86,0.147783,0.00246305
9,2026-01-19T11:52:47+01:00,2026-01-20T09:16,shortwave_radiation,23,40,0.17,-0.004,45,-0.4,0.32,0.18678,0.86,0.147783,0.00246305
9,2026-01-19T11:52:47+01:00,2026-01-20T09:17,shortwave_radiation,23,40,0.17,-0.004,45,-0.4,0.32,0.18678,0.86,0.147783,0.00246305
9,2026-01-19T11:52:47+01:00,2026-01-20T09:18,shortwave_radiation,23,40,0.17,-0.004,45,-0.4,0.32,0.18678,0.86,0.147783,0.00246305
9,2026-01-19T11:52:47+01:00,2026-01-20T09:19,shortwave_radiation,23,40,0.17,-0.004,45,-0.4,0.32,0.18678,0.86,0.147783,0.00246305
9,2026-01-19T11:52:47+01:00,2026-01-20T09:20,shortwave_radiation,23,40,0.17,-0.004,45,-0.4,0.32,0.18678,0.86,0.147783,0.00246305
9,2026-01-19T11:52:47+01:00,2026-01-20T09:21,shortwave_radiation,23,40,0.17,-0.004,45,-0.4,0.32,0.18678,0.86,0.147783,0.00246305
9,2026-01-19T11:52:47+01:00,2026-01-20T09:22,shortwave_radiation,23,40,0.17,-0.004,45,-0.4,0.32,0.18678,0.86,0.147783,0.00246305
9,2026-01-19T11:52:47+01:00,2026-01-20T09:23,shortwave_radiation,23,40,0.17,-0.004,45,-0.4,0.32,0.18678,0.86,0.147783,0.00246305
9,2026-01-19T11:52:47+01:00,2026-01-20T09:24,shortwave_radiation,23,40,0.17,-0.004,45,-0.4,0.32,0.18678,0.86,0.147783,0.00246305
9,2026-01-19T11:52:47+01:00,2026-01-20T09:25,shortwave_radiation,23,40,0.17,-0.004,45,-0.4,0.32,0.18678,0.86,0.147783,0.00246305
9,2026-01-19T11:52:47+01:00,2026-01-20T09:26,shortwave_radiation,23,40,0.17,-0.004,45,-0.4,0.32,0.18678,0.86,0.147783,0.00246305
9,2026-01-19T11:52:47+01:00,2026-01-20T09:27,shortwave_radiation,23,40,0.17,-0.004,45,-0.4,0.32,0.18678,0.86,0.147783,0.00246305
9,2026-01-19T11:52:47+01:00,2026-01-20T09:28,shortwave_radiation,23,40,0.17,-0.004,45,-0.4,0.32,0.18678,0.86,0.147783,0.00246305
9,2026-01-19T11:52:47+01:00,2026-01-20T09:29,shortwave_radiation,23,40,0.17,-0.004,45,-0.4,0.32,0.18678,0.86,0.147783,0.00246305
9,2026-01-19T11:52:47+01:00,2026-01-20T09:30,shortwave_radiation,29,40,0.17,-0.004,45,-0.4,0.51,0.18666,0.86,0.186208,0.00310346
9,2026-01-19T11:52:47+01:00,2026-01-20T09:31,shortwave_radiation,29,40,0.17,-0.004,45,-0.4,0.51,0.18666,0.86,0.186208,0.00310346
9,2026-01-19T11:52:47+01:00,2026-01-20T09:32,shortwave_radiation,29,40,0.17,-0.004,45,-0.4,0.51,0.18666,0.86,0.186208,0.00310346
9,2026-01-19T11:52:47+01:00,2026-01-20T09:33,shortwave_radiation,29,40,0.17,-0.004,45,-0.4,0.51,0.18666,0.86,0.186208,0.00310346
9,2026-01-19T11:52:47+01:00,2026-01-20T09:34,shortwave_radiation,29,40,0.17,-0.004,45,-0.4,0.51,0.18666,0.86,0.186208,0.00310346
9,2026-01-19T11:52:47+01:00,2026-01-20T09:35,shortwave_radiation,29,40,0.17,-0.004,45,-0.4,0.51,0.18666,0.86,0.186208,0.00310346
9,2026-01-19T11:52:47+01:00,2026-01-20T09:36,shortwave_radiation,29,40,0.17,-0.004,45,-0.4,0.51,0.18666,0.86,0.186208,0.00310346
9,2026-01-19T11:52:47+01:00,2026-01-20T09:37,shortwave_radiation,29,40,0.17,-0.004,45,-0.4,0.51,0.18666,0.86,0.186208,0.00310346
9,2026-01-19T11:52:47+01:00,2026-01-20T09:38,shortwave_radiation,29,40,0.17,-0.004,45,-0.4,0.51,0.18666,0.86,0.186208,0.00310346
9,2026-01-19T11:52:47+01:00,2026-01-20T09:39,shortwave_radiation,29,40,0.17,-0.004,45,-0.4,0.51,0.18666,0.86,0.186208,0.00310346
9,2026-01-19T11:52:47+01:00,2026-01-20T09:40,shortwave_radiation,29,40,0.17,-0.004,45,-0.4,0.51,0.18666,0.86,0.186208,0.00310346
9,2026-01-19T11:52:47+01:00,2026-01-20T09:41,shortwave_radiation,29,40,0.17,-0.004,45,-0.4,0.51,0.18666,0.86,0.186208,0.00310346
9,2026-01-19T11:52:47+01:00,2026-01-20T09:42,shortwave_radiation,29,40,0.17,-0.004,45,-0.4,0.51,0.18666,0.86,0.186208,0.00310346
9,2026-01-19T11:52:47+01:00,2026-01-20T09:43,shortwave_radiation,29,40,0.17,-0.004,45,-0.4,0.51,0.18666,0.86,0.186208,0.00310346
9,2026-01-19T11:52:47+01:00,2026-01-20T09:44,shortwave_radiation,29,40,0.17,-0.004,45,-0.4,0.51,0.18666,0.86,0.186208,0.00310346
9,2026-01-19T11:52:47+01:00,2026-01-20T09:45,shortwave_radiation,41,40,0.17,-0.004,45,-0.4,0.88,0.1864,0.86,0.2629,0.00438166
9,2026-01-19T11:52:47+01:00,2026-01-20T09:46,shortwave_radiation,41,40,0.17,-0.004,45,-0.4,0.88,0.1864,0.86,0.2629,0.00438166
9,2026-01-19T11:52:47+01:00,2026-01-20T09:47,shortwave_radiation,41,40,0.17,-0.004,45,-0.4,0.88,0.1864,0.86,0.2629,0.00438166
9,2026-01-19T11:52:47+01:00,2026-01-20T09:48,shortwave_radiation,41,40,0.17,-0.004,45,-0.4,0.88,0.1864,0.86,0.2629,0.00438166
9,2026-01-19T11:52:47+01:00,2026-01-20T09:49,shortwave_radiation,41,40,0.17,-0.004,45,-0.4,0.88,0.1864,0.86,0.2629,0.00438166
9,2026-01-19T11:52:47+01:00,2026-01-20T09:50,shortwave_radiation,41,40,0.17,-0.004,45,-0.4,0.88,0.1864,0.86,0.2629,0.00438166
9,2026-01-19T11:52:47+01:00,2026-01-20T09:51,shortwave_radiation,41,40,0.17,-0.004,45,-0.4,0.88,0.1864,0.86,0.2629,0.00438166
9,2026-01-19T11:52:47+01:00,2026-01-20T09:52,shortwave_radiation,41,40,0.17,-0.004,45,-0.4,0.88,0.1864,0.86,0.2629,0.00438166
9,2026-01-19T11:52:47+01:00,2026-01-20T09:53,shortwave_radiation,41,40,0.17,-0.004,45,-0.4,0.88,0.1864,0.86,0.2629,0.00438166
9,2026-01-19T11:52:47+01:00,2026-01-20T09:54,shortwave_radiation,41,40,0.17,-0.004,45,-0.4,0.88,0.1864,0.86,0.2629,0.00438166
9,2026-01-19T11:52:47+01:00,2026-01-20T09:55,shortwave_radiation,41,40,0.17,-0.004,45,-0.4,0.88,0.1864,0.86,0.2629,0.00438166
9,2026-01-19T11:52:47+01:00,2026-01-20T09:56,shortwave_radiation,41,40,0.17,-0.004,45,-0.4,0.88,0.1864,0.86,0.2629,0.00438166
9,2026-01-19T11:52:47+01:00,2026-01-20T09:57,shortwave_radiation,41,40,0.17,-0.004,45,-0.4,0.88,0.1864,0.86,0.2629,0.00438166
9,2026-01-19T11:52:47+01:00,2026-01-20T09:58,shortwave_radiation,41,40,0.17,-0.004,45,-0.4,0.88,0.1864,0.86,0.2629,0.00438166
9,2026-01-19T11:52:47+01:00,2026-01-20T09:59,shortwave_radiation,41,40,0.17,-0.004,45,-0.4,0.88,0.1864,0.86,0.2629,0.00438166
9,2026-01-19T11:52:47+01:00,2026-01-20T10:00,shortwave_radiation,50,40,0.17,-0.004,45,-0.4,1.16,0.18621,0.86,0.32028,0.00533801
9,2026-01-19T11:52:47+01:00,2026-01-20T10:01,shortwave_radiation,50,40,0.17,-0.004,45,-0.4,1.16,0.18621,0.86,0.32028,0.00533801
9,2026-01-19T11:52:47+01:00,2026-01-20T10:02,shortwave_radiation,50,40,0.17,-0.004,45,-0.4,1.16,0.18621,0.86,0.32028,0.00533801
9,2026-01-19T11:52:47+01:00,2026-01-20T10:03,shortwave_radiation,50,40,0.17,-0.004,45,-0.4,1.16,0.18621,0.86,0.32028,0.00533801
9,2026-01-19T11:52:47+01:00,2026-01-20T10:04,shortwave_radiation,50,40,0.17,-0.004,45,-0.4,1.16,0.18621,0.86,0.32028,0.00533801
9,2026-01-19T11:52:47+01:00,2026-01-20T10:05,shortwave_radiation,50,40,0.17,-0.004,45,-0.4,1.16,0.18621,0.86,0.32028,0.00533801
9,2026-01-19T11:52:47+01:00,2026-01-20T10:06,shortwave_radiation,50,40,0.17,-0.004,45,-0.4,1.16,0.18621,0.86,0.32028,0.00533801
9,2026-01-19T11:52:47+01:00,2026-01-20T10:07,shortwave_radiation,50,40,0.17,-0.004,45,-0.4,1.16,0.18621,0.86,0.32028,0.00533801
9,2026-01-19T11:52:47+01:00,2026-01-20T10:08,shortwave_radiation,50,40,0.17,-0.004,45,-0.4,1.16,0.18621,0.86,0.32028,0.00533801
9,2026-01-19T11:52:47+01:00,2026-01-20T10:09,shortwave_radiation,50,40,0.17,-0.004,45,-0.4,1.16,0.18621,0.86,0.32028,0.00533801
9,2026-01-19T11:52:47+01:00,2026-01-20T10:10,shortwave_radiation,50,40,0.17,-0.004,45,-0.4,1.16,0.18621,0.86,0.32028,0.00533801
9,2026-01-19T11:52:47+01:00,2026-01-20T10:11,shortwave_radiation,50,40,0.17,-0.004,45,-0.4,1.16,0.18621,0.86,0.32028,0.00533801
9,2026-01-19T11:52:47+01:00,2026-01-20T10:12,shortwave_radiation,50,40,0.17,-0.004,45,-0.4,1.16,0.18621,0.86,0.32028,0.00533801
9,2026-01-19T11:52:47+01:00,2026-01-20T10:13,shortwave_radiation,50,40,0.17,-0.004,45,-0.4,1.16,0.18621,0.86,0.32028,0.00533801
9,2026-01-19T11:52:47+01:00,2026-01-20T10:14,shortwave_radiation,50,40,0.17,-0.004,45,-0.4,1.16,0.18621,0.86,0.32028,0.00533801
9,2026-01-19T11:52:47+01:00,2026-01-20T10:15,shortwave_radiation,69,40,0.17,-0.004,45,-0.4,1.76,0.18581,0.86,0.441029,0.00735048
9,2026-01-19T11:52:47+01:00,2026-01-20T10:16,shortwave_radiation,69,40,0.17,-0.004,45,-0.4,1.76,0.18581,0.86,0.441029,0.00735048
9,2026-01-19T11:52:47+01:00,2026-01-20T10:17,shortwave_radiation,69,40,0.17,-0.004,45,-0.4,1.76,0.18581,0.86,0.441029,0.00735048
9,2026-01-19T11:52:47+01:00,2026-01-20T10:18,shortwave_radiation,69,40,0.17,-0.004,45,-0.4,1.76,0.18581,0.86,0.441029,0.00735048
9,2026-01-19T11:52:47+01:00,2026-01-20T10:19,shortwave_radiation,69,40,0.17,-0.004,45,-0.4,1.76,0.18581,0.86,0.441029,0.00735048
9,2026-01-19T11:52:47+01:00,2026-01-20T10:20,shortwave_radiation,69,40,0.17,-0.004,45,-0.4,1.76,0.18581,0.86,0.441029,0.00735048
9,2026-01-19T11:52:47+01:00,2026-01-20T10:21,shortwave_radiation,69,40,0.17,-0.004,45,-0.4,1.76,0.18581,0.86,0.441029,0.00735048
9,2026-01-19T11:52:47+01:00,2026-01-20T10:22,shortwave_radiation,69,40,0.17,-0.004,45,-0.4,1.76,0.18581,0.86,0.441029,0.00735048
9,2026-01-19T11:52:47+01:00,2026-01-20T10:23,shortwave_radiation,69,40,0.17,-0.004,45,-0.4,1.76,0.18581,0.86,0.441029,0.00735048
9,2026-01-19T11:52:47+01:00,2026-01-20T10:24,shortwave_radiation,69,40,0.17,-0.004,45,-0.4,1.76,0.18581,0.86,0.441029,0.00735048
9,2026-01-19T11:52:47+01:00,2026-01-20T10:25,shortwave_radiation,69,40,0.17,-0.004,45,-0.4,1.76,0.18581,0.86,0.441029,0.00735048
9,2026-01-19T11:52:47+01:00,2026-01-20T10:26,shortwave_radiation,69,40,0.17,-0.004,45,-0.4,1.76,0.18581,0.86,0.441029,0.00735048
9,2026-01-19T11:52:47+01:00,2026-01-20T10:27,shortwave_radiation,69,40,0.17,-0.004,45,-0.4,1.76,0.18581,0.86,0.441029,0.00735048
9,2026-01-19T11:52:47+01:00,2026-01-20T10:28,shortwave_radiation,69,40,0.17,-0.004,45,-0.4,1.76,0.18581,0.86,0.441029,0.00735048
9,2026-01-19T11:52:47+01:00,2026-01-20T10:29,shortwave_radiation,69,40,0.17,-0.004,45,-0.4,1.76,0.18581,0.86,0.441029,0.00735048
9,2026-01-19T11:52:47+01:00,2026-01-20T10:30,shortwave_radiation,78,40,0.17,-0.004,45,-0.4,2.04,0.18561,0.86,0.498041,0.00830068
9,2026-01-19T11:52:47+01:00,2026-01-20T10:31,shortwave_radiation,78,40,0.17,-0.004,45,-0.4,2.04,0.18561,0.86,0.498041,0.00830068
9,2026-01-19T11:52:47+01:00,2026-01-20T10:32,shortwave_radiation,78,40,0.17,-0.004,45,-0.4,2.04,0.18561,0.86,0.498041,0.00830068
9,2026-01-19T11:52:47+01:00,2026-01-20T10:33,shortwave_radiation,78,40,0.17,-0.004,45,-0.4,2.04,0.18561,0.86,0.498041,0.00830068
9,2026-01-19T11:52:47+01:00,2026-01-20T10:34,shortwave_radiation,78,40,0.17,-0.004,45,-0.4,2.04,0.18561,0.86,0.498041,0.00830068
9,2026-01-19T11:52:47+01:00,2026-01-20T10:35,shortwave_radiation,78,40,0.17,-0.004,45,-0.4,2.04,0.18561,0.86,0.498041,0.00830068
9,2026-01-19T11:52:47+01:00,2026-01-20T10:36,shortwave_radiation,78,40,0.17,-0.004,45,-0.4,2.04,0.18561,0.86,0.498041,0.00830068
9,2026-01-19T11:52:47+01:00,2026-01-20T10:37,shortwave_radiation,78,40,0.17,-0.004,45,-0.4,2.04,0.18561,0.86,0.498041,0.00830068
9,2026-01-19T11:52:47+01:00,2026-01-20T10:38,shortwave_radiation,78,40,0.17,-0.004,45,-0.4,2.04,0.18561,0.86,0.498041,0.00830068
9,2026-01-19T11:52:47+01:00,2026-01-20T10:39,shortwave_radiation,78,40,0.17,-0.004,45,-0.4,2.04,0.18561,0.86,0.498041,0.00830068
9,2026-01-19T11:52:47+01:00,2026-01-20T10:40,shortwave_radiation,78,40,0.17,-0.004,45,-0.4,2.04,0.18561,0.86,0.498041,0.00830068
9,2026-01-19T11:52:47+01:00,2026-01-20T10:41,shortwave_radiation,78,40,0.17,-0.004,45,-0.4,2.04,0.18561,0.86,0.498041,0.00830068
9,2026-01-19T11:52:47+01:00,2026-01-20T10:42,shortwave_radiation,78,40,0.17,-0.004,45,-0.4,2.04,0.18561,0.86,0.498041,0.00830068
9,2026-01-19T11:52:47+01:00,2026-01-20T10:43,shortwave_radiation,78,40,0.17,-0.004,45,-0.4,2.04,0.18561,0.86,0.498041,0.00830068
9,2026-01-19T11:52:47+01:00,2026-01-20T10:44,shortwave_radiation,78,40,0.17,-0.004,45,-0.4,2.04,0.18561,0.86,0.498041,0.00830068
9,2026-01-19T11:52:47+01:00,2026-01-20T10:45,shortwave_radiation,65,40,0.17,-0.004,45,-0.3,1.73,0.18582,0.86,0.4155,0.00692499
9,2026-01-19T11:52:47+01:00,2026-01-20T10:46,shortwave_radiation,65,40,0.17,-0.004,45,-0.3,1.73,0.18582,0.86,0.4155,0.00692499
9,2026-01-19T11:52:47+01:00,2026-01-20T10:47,shortwave_radiation,65,40,0.17,-0.004,45,-0.3,1.73,0.18582,0.86,0.4155,0.00692499
9,2026-01-19T11:52:47+01:00,2026-01-20T10:48,shortwave_radiation,65,40,0.17,-0.004,45,-0.3,1.73,0.18582,0.86,0.4155,0.00692499
9,2026-01-19T11:52:47+01:00,2026-01-20T10:49,shortwave_radiation,65,40,0.17,-0.004,45,-0.3,1.73,0.18582,0.86,0.4155,0.00692499
9,2026-01-19T11:52:47+01:00,2026-01-20T10:50,shortwave_radiation,65,40,0.17,-0.004,45,-0.3,1.73,0.18582,0.86,0.4155,0.00692499
9,2026-01-19T11:52:47+01:00,2026-01-20T10:51,shortwave_radiation,65,40,0.17,-0.004,45,-0.3,1.73,0.18582,0.86,0.4155,0.00692499
9,2026-01-19T11:52:47+01:00,2026-01-20T10:52,shortwave_radiation,65,40,0.17,-0.004,45,-0.3,1.73,0.18582,0.86,0.4155,0.00692499
9,2026-01-19T11:52:47+01:00,2026-01-20T10:53,shortwave_radiation,65,40,0.17,-0.004,45,-0.3,1.73,0.18582,0.86,0.4155,0.00692499
9,2026-01-19T11:52:47+01:00,2026-01-20T10:54,shortwave_radiation,65,40,0.17,-0.004,45,-0.3,1.73,0.18582,0.86,0.4155,0.00692499
9,2026-01-19T11:52:47+01:00,2026-01-20T10:55,shortwave_radiation,65,40,0.17,-0.004,45,-0.3,1.73,0.18582,0.86,0.4155,0.00692499
9,2026-01-19T11:52:47+01:00,2026-01-20T10:56,shortwave_radiation,65,40,0.17,-0.004,45,-0.3,1.73,0.18582,0.86,0.4155,0.00692499
9,2026-01-19T11:52:47+01:00,2026-01-20T10:57,shortwave_radiation,65,40,0.17,-0.004,45,-0.3,1.73,0.18582,0.86,0.4155,0.00692499
9,2026-01-19T11:52:47+01:00,2026-01-20T10:58,shortwave_radiation,65,40,0.17,-0.004,45,-0.3,1.73,0.18582,0.86,0.4155,0.00692499
9,2026-01-19T11:52:47+01:00,2026-01-20T10:59,shortwave_radiation,65,40,0.17,-0.004,45,-0.3,1.73,0.18582,0.86,0.4155,0.00692499
9,2026-01-19T11:52:47+01:00,2026-01-20T11:00,shortwave_radiation,76,40,0.17,-0.004,45,-0.3,2.08,0.18559,0.86,0.485204,0.00808673
9,2026-01-19T11:52:47+01:00,2026-01-20T11:01,shortwave_radiation,76,40,0.17,-0.004,45,-0.3,2.08,0.18559,0.86,0.485204,0.00808673
9,2026-01-19T11:52:47+01:00,2026-01-20T11:02,shortwave_radiation,76,40,0.17,-0.004,45,-0.3,2.08,0.18559,0.86,0.485204,0.00808673
9,2026-01-19T11:52:47+01:00,2026-01-20T11:03,shortwave_radiation,76,40,0.17,-0.004,45,-0.3,2.08,0.18559,0.86,0.485204,0.00808673
9,2026-01-19T11:52:47+01:00,2026-01-20T11:04,shortwave_radiation,76,40,0.17,-0.004,45,-0.3,2.08,0.18559,0.86,0.485204,0.00808673
9,2026-01-19T11:52:47+01:00,2026-01-20T11:05,shortwave_radiation,76,40,0.17,-0.004,45,-0.3,2.08,0.18559,0.86,0.485204,0.00808673
9,2026-01-19T11:52:47+01:00,2026-01-20T11:06,shortwave_radiation,76,40,0.17,-0.004,45,-0.3,2.08,0.18559,0.86,0.485204,0.00808673
9,2026-01-19T11:52:47+01:00,2026-01-20T11:07,shortwave_radiation,76,40,0.17,-0.004,45,-0.3,2.08,0.18559,0.86,0.485204,0.00808673
9,2026-01-19T11:52:47+01:00,2026-01-20T11:08,shortwave_radiation,76,40,0.17,-0.004,45,-0.3,2.08,0.18559,0.86,0.485204,0.00808673
9,2026-01-19T11:52:47+01:00,2026-01-20T11:09,shortwave_radiation,76,40,0.17,-0.004,45,-0.3,2.08,0.18559,0.86,0.485204,0.00808673
9,2026-01-19T11:52:47+01:00,2026-01-20T11:10,shortwave_radiation,76,40,0.17,-0.004,45,-0.3,2.08,0.18559,0.86,0.485204,0.00808673
9,2026-01-19T11:52:47+01:00,2026-01-20T11:11,shortwave_radiation,76,40,0.17,-0.004,45,-0.3,2.08,0.18559,0.86,0.485204,0.00808673
9,2026-01-19T11:52:47+01:00,2026-01-20T11:12,shortwave_radiation,76,40,0.17,-0.004,45,-0.3,2.08,0.18559,0.86,0.485204,0.00808673
9,2026-01-19T11:52:47+01:00,2026-01-20T11:13,shortwave_radiation,76,40,0.17,-0.004,45,-0.3,2.08,0.18559,0.86,0.485204,0.00808673
9,2026-01-19T11:52:47+01:00,2026-01-20T11:14,shortwave_radiation,76,40,0.17,-0.004,45,-0.3,2.08,0.18559,0.86,0.485204,0.00808673
9,2026-01-19T11:52:47+01:00,2026-01-20T11:15,shortwave_radiation,76,40,0.17,-0.004,45,-0.3,2.08,0.18559,0.86,0.485204,0.00808673
9,2026-01-19T11:52:47+01:00,2026-01-20T11:16,shortwave_radiation,76,40,0.17,-0.004,45,-0.3,2.08,0.18559,0.86,0.485204,0.00808673
9,2026-01-19T11:52:47+01:00,2026-01-20T11:17,shortwave_radiation,76,40,0.17,-0.004,45,-0.3,2.08,0.18559,0.86,0.485204,0.00808673
9,2026-01-19T11:52:47+01:00,2026-01-20T11:18,shortwave_radiation,76,40,0.17,-0.004,45,-0.3,2.08,0.18559,0.86,0.485204,0.00808673
9,2026-01-19T11:52:47+01:00,2026-01-20T11:19,shortwave_radiation,76,40,0.17,-0.004,45,-0.3,2.08,0.18559,0.86,0.485204,0.00808673
9,2026-01-19T11:52:47+01:00,2026-01-20T11:20,shortwave_radiation,76,40,0.17,-0.004,45,-0.3,2.08,0.18559,0.86,0.485204,0.00808673
9,2026-01-19T11:52:47+01:00,2026-01-20T11:21,shortwave_radiation,76,40,0.17,-0.004,45,-0.3,2.08,0.18559,0.86,0.485204,0.00808673
9,2026-01-19T11:52:47+01:00,2026-01-20T11:22,shortwave_radiation,76,40,0.17,-0.004,45,-0.3,2.08,0.18559,0.86,0.485204,0.00808673
9,2026-01-19T11:52:47+01:00,2026-01-20T11:23,shortwave_radiation,76,40,0.17,-0.004,45,-0.3,2.08,0.18559,0.86,0.485204,0.00808673
9,2026-01-19T11:52:47+01:00,2026-01-20T11:24,shortwave_radiation,76,40,0.17,-0.004,45,-0.3,2.08,0.18559,0.86,0.485204,0.00808673
9,2026-01-19T11:52:47+01:00,2026-01-20T11:25,shortwave_radiation,76,40,0.17,-0.004,45,-0.3,2.08,0.18559,0.86,0.485204,0.00808673
9,2026-01-19T11:52:47+01:00,2026-01-20T11:26,shortwave_radiation,76,40,0.17,-0.004,45,-0.3,2.08,0.18559,0.86,0.485204,0.00808673
9,2026-01-19T11:52:47+01:00,2026-01-20T11:27,shortwave_radiation,76,40,0.17,-0.004,45,-0.3,2.08,0.18559,0.86,0.485204,0.00808673
9,2026-01-19T11:52:47+01:00,2026-01-20T11:28,shortwave_radiation,76,40,0.17,-0.004,45,-0.3,2.08,0.18559,0.86,0.485204,0.00808673
9,2026-01-19T11:52:47+01:00,2026-01-20T11:29,shortwave_radiation,76,40,0.17,-0.004,45,-0.3,2.08,0.18559,0.86,0.485204,0.00808673
9,2026-01-19T11:52:47+01:00,2026-01-20T11:30,shortwave_radiation,75,40,0.17,-0.004,45,-0.3,2.04,0.18561,0.86,0.478874,0.00798124
9,2026-01-19T11:52:47+01:00,2026-01-20T11:31,shortwave_radiation,75,40,0.17,-0.004,45,-0.3,2.04,0.18561,0.86,0.478874,0.00798124
9,2026-01-19T11:52:47+01:00,2026-01-20T11:32,shortwave_radiation,75,40,0.17,-0.004,45,-0.3,2.04,0.18561,0.86,0.478874,0.00798124
9,2026-01-19T11:52:47+01:00,2026-01-20T11:33,shortwave_radiation,75,40,0.17,-0.004,45,-0.3,2.04,0.18561,0.86,0.478874,0.00798124
9,2026-01-19T11:52:47+01:00,2026-01-20T11:34,shortwave_radiation,75,40,0.17,-0.004,45,-0.3,2.04,0.18561,0.86,0.478874,0.00798124
9,2026-01-19T11:52:47+01:00,2026-01-20T11:35,shortwave_radiation,75,40,0.17,-0.004,45,-0.3,2.04,0.18561,0.86,0.478874,0.00798124
9,2026-01-19T11:52:47+01:00,2026-01-20T11:36,shortwave_radiation,75,40,0.17,-0.004,45,-0.3,2.04,0.18561,0.86,0.478874,0.00798124
9,2026-01-19T11:52:47+01:00,2026-01-20T11:37,shortwave_radiation,75,40,0.17,-0.004,45,-0.3,2.04,0.18561,0.86,0.478874,0.00798124
9,2026-01-19T11:52:47+01:00,2026-01-20T11:38,shortwave_radiation,75,40,0.17,-0.004,45,-0.3,2.04,0.18561,0.86,0.478874,0.00798124
9,2026-01-19T11:52:47+01:00,2026-01-20T11:39,shortwave_radiation,75,40,0.17,-0.004,45,-0.3,2.04,0.18561,0.86,0.478874,0.00798124
9,2026-01-19T11:52:47+01:00,2026-01-20T11:40,shortwave_radiation,75,40,0.17,-0.004,45,-0.3,2.04,0.18561,0.86,0.478874,0.00798124
9,2026-01-19T11:52:47+01:00,2026-01-20T11:41,shortwave_radiation,75,40,0.17,-0.004,45,-0.3,2.04,0.18561,0.86,0.478874,0.00798124
9,2026-01-19T11:52:47+01:00,2026-01-20T11:42,shortwave_radiation,75,40,0.17,-0.004,45,-0.3,2.04,0.18561,0.86,0.478874,0.00798124
9,2026-01-19T11:52:47+01:00,2026-01-20T11:43,shortwave_radiation,75,40,0.17,-0.004,45,-0.3,2.04,0.18561,0.86,0.478874,0.00798124
9,2026-01-19T11:52:47+01:00,2026-01-20T11:44,shortwave_radiation,75,40,0.17,-0.004,45,-0.3,2.04,0.18561,0.86,0.478874,0.00798124
9,2026-01-19T11:52:47+01:00,2026-01-20T11:45,shortwave_radiation,110,40,0.17,-0.004,45,0,3.44,0.18466,0.86,0.698763,0.01164605
9,2026-01-19T11:52:47+01:00,2026-01-20T11:46,shortwave_radiation,110,40,0.17,-0.004,45,0,3.44,0.18466,0.86,0.698763,0.01164605
9,2026-01-19T11:52:47+01:00,2026-01-20T11:47,shortwave_radiation,110,40,0.17,-0.004,45,0,3.44,0.18466,0.86,0.698763,0.01164605
9,2026-01-19T11:52:47+01:00,2026-01-20T11:48,shortwave_radiation,110,40,0.17,-0.004,45,0,3.44,0.18466,0.86,0.698763,0.01164605
9,2026-01-19T11:52:47+01:00,2026-01-20T11:49,shortwave_radiation,110,40,0.17,-0.004,45,0,3.44,0.18466,0.86,0.698763,0.01164605
9,2026-01-19T11:52:47+01:00,2026-01-20T11:50,shortwave_radiation,110,40,0.17,-0.004,45,0,3.44,0.18466,0.86,0.698763,0.01164605
9,2026-01-19T11:52:47+01:00,2026-01-20T11:51,shortwave_radiation,110,40,0.17,-0.004,45,0,3.44,0.18466,0.86,0.698763,0.01164605
9,2026-01-19T11:52:47+01:00,2026-01-20T11:52,shortwave_radiation,110,40,0.17,-0.004,45,0,3.44,0.18466,0.86,0.698763,0.01164605
9,2026-01-19T11:52:47+01:00,2026-01-20T11:53,shortwave_radiation,110,40,0.17,-0.004,45,0,3.44,0.18466,0.86,0.698763,0.01164605
9,2026-01-19T11:52:47+01:00,2026-01-20T11:54,shortwave_radiation,110,40,0.17,-0.004,45,0,3.44,0.18466,0.86,0.698763,0.01164605
9,2026-01-19T11:52:47+01:00,2026-01-20T11:55,shortwave_radiation,110,40,0.17,-0.004,45,0,3.44,0.18466,0.86,0.698763,0.01164605
9,2026-01-19T11:52:47+01:00,2026-01-20T11:56,shortwave_radiation,110,40,0.17,-0.004,45,0,3.44,0.18466,0.86,0.698763,0.01164605
9,2026-01-19T11:52:47+01:00,2026-01-20T11:57,shortwave_radiation,110,40,0.17,-0.004,45,0,3.44,0.18466,0.86,0.698763,0.01164605
9,2026-01-19T11:52:47+01:00,2026-01-20T11:58,shortwave_radiation,110,40,0.17,-0.004,45,0,3.44,0.18466,0.86,0.698763,0.01164605
9,2026-01-19T11:52:47+01:00,2026-01-20T11:59,shortwave_radiation,110,40,0.17,-0.004,45,0,3.44,0.18466,0.86,0.698763,0.01164605
9,2026-01-19T11:52:47+01:00,2026-01-20T12:00,shortwave_radiation,121,40,0.17,-0.004,45,0,3.78,0.18443,0.86,0.767666,0.01279444
9,2026-01-19T11:52:47+01:00,2026-01-20T12:01,shortwave_radiation,121,40,0.17,-0.004,45,0,3.78,0.18443,0.86,0.767666,0.01279444
9,2026-01-19T11:52:47+01:00,2026-01-20T12:02,shortwave_radiation,121,40,0.17,-0.004,45,0,3.78,0.18443,0.86,0.767666,0.01279444
9,2026-01-19T11:52:47+01:00,2026-01-20T12:03,shortwave_radiation,121,40,0.17,-0.004,45,0,3.78,0.18443,0.86,0.767666,0.01279444
9,2026-01-19T11:52:47+01:00,2026-01-20T12:04,shortwave_radiation,121,40,0.17,-0.004,45,0,3.78,0.18443,0.86,0.767666,0.01279444
9,2026-01-19T11:52:47+01:00,2026-01-20T12:05,shortwave_radiation,121,40,0.17,-0.004,45,0,3.78,0.18443,0.86,0.767666,0.01279444
9,2026-01-19T11:52:47+01:00,2026-01-20T12:06,shortwave_radiation,121,40,0.17,-0.004,45,0,3.78,0.18443,0.86,0.767666,0.01279444
9,2026-01-19T11:52:47+01:00,2026-01-20T12:07,shortwave_radiation,121,40,0.17,-0.004,45,0,3.78,0.18443,0.86,0.767666,0.01279444
9,2026-01-19T11:52:47+01:00,2026-01-20T12:08,shortwave_radiation,121,40,0.17,-0.004,45,0,3.78,0.18443,0.86,0.767666,0.01279444
9,2026-01-19T11:52:47+01:00,2026-01-20T12:09,shortwave_radiation,121,40,0.17,-0.004,45,0,3.78,0.18443,0.86,0.767666,0.01279444
9,2026-01-19T11:52:47+01:00,2026-01-20T12:10,shortwave_radiation,121,40,0.17,-0.004,45,0,3.78,0.18443,0.86,0.767666,0.01279444
9,2026-01-19T11:52:47+01:00,2026-01-20T12:11,shortwave_radiation,121,40,0.17,-0.004,45,0,3.78,0.18443,0.86,0.767666,0.01279444
9,2026-01-19T11:52:47+01:00,2026-01-20T12:12,shortwave_radiation,121,40,0.17,-0.004,45,0,3.78,0.18443,0.86,0.767666,0.01279444
9,2026-01-19T11:52:47+01:00,2026-01-20T12:13,shortwave_radiation,121,40,0.17,-0.004,45,0,3.78,0.18443,0.86,0.767666,0.01279444
9,2026-01-19T11:52:47+01:00,2026-01-20T12:14,shortwave_radiation,121,40,0.17,-0.004,45,0,3.78,0.18443,0.86,0.767666,0.01279444
9,2026-01-19T11:52:47+01:00,2026-01-20T12:15,shortwave_radiation,101,40,0.17,-0.004,45,0,3.16,0.18485,0.86,0.642256,0.01070426
9,2026-01-19T11:52:47+01:00,2026-01-20T12:16,shortwave_radiation,101,40,0.17,-0.004,45,0,3.16,0.18485,0.86,0.642256,0.01070426
9,2026-01-19T11:52:47+01:00,2026-01-20T12:17,shortwave_radiation,101,40,0.17,-0.004,45,0,3.16,0.18485,0.86,0.642256,0.01070426
9,2026-01-19T11:52:47+01:00,2026-01-20T12:18,shortwave_radiation,101,40,0.17,-0.004,45,0,3.16,0.18485,0.86,0.642256,0.01070426
9,2026-01-19T11:52:47+01:00,2026-01-20T12:19,shortwave_radiation,101,40,0.17,-0.004,45,0,3.16,0.18485,0.86,0.642256,0.01070426
9,2026-01-19T11:52:47+01:00,2026-01-20T12:20,shortwave_radiation,101,40,0.17,-0.004,45,0,3.16,0.18485,0.86,0.642256,0.01070426
9,2026-01-19T11:52:47+01:00,2026-01-20T12:21,shortwave_radiation,101,40,0.17,-0.004,45,0,3.16,0.18485,0.86,0.642256,0.01070426
9,2026-01-19T11:52:47+01:00,2026-01-20T12:22,shortwave_radiation,101,40,0.17,-0.004,45,0,3.16,0.18485,0.86,0.642256,0.01070426
9,2026-01-19T11:52:47+01:00,2026-01-20T12:23,shortwave_radiation,101,40,0.17,-0.004,45,0,3.16,0.18485,0.86,0.642256,0.01070426
9,2026-01-19T11:52:47+01:00,2026-01-20T12:24,shortwave_radiation,101,40,0.17,-0.004,45,0,3.16,0.18485,0.86,0.642256,0.01070426
9,2026-01-19T11:52:47+01:00,2026-01-20T12:25,shortwave_radiation,101,40,0.17,-0.004,45,0,3.16,0.18485,0.86,0.642256,0.01070426
9,2026-01-19T11:52:47+01:00,2026-01-20T12:26,shortwave_radiation,101,40,0.17,-0.004,45,0,3.16,0.18485,0.86,0.642256,0.01070426
9,2026-01-19T11:52:47+01:00,2026-01-20T12:27,shortwave_radiation,101,40,0.17,-0.004,45,0,3.16,0.18485,0.86,0.642256,0.01070426
9,2026-01-19T11:52:47+01:00,2026-01-20T12:28,shortwave_radiation,101,40,0.17,-0.004,45,0,3.16,0.18485,0.86,0.642256,0.01070426
9,2026-01-19T11:52:47+01:00,2026-01-20T12:29,shortwave_radiation,101,40,0.17,-0.004,45,0,3.16,0.18485,0.86,0.642256,0.01070426
9,2026-01-19T11:52:47+01:00,2026-01-20T12:30,shortwave_radiation,113,40,0.17,-0.004,45,0,3.53,0.1846,0.86,0.717572,0.01195954
9,2026-01-19T11:52:47+01:00,2026-01-20T12:31,shortwave_radiation,113,40,0.17,-0.004,45,0,3.53,0.1846,0.86,0.717572,0.01195954
9,2026-01-19T11:52:47+01:00,2026-01-20T12:32,shortwave_radiation,113,40,0.17,-0.004,45,0,3.53,0.1846,0.86,0.717572,0.01195954
9,2026-01-19T11:52:47+01:00,2026-01-20T12:33,shortwave_radiation,113,40,0.17,-0.004,45,0,3.53,0.1846,0.86,0.717572,0.01195954
9,2026-01-19T11:52:47+01:00,2026-01-20T12:34,shortwave_radiation,113,40,0.17,-0.004,45,0,3.53,0.1846,0.86,0.717572,0.01195954
9,2026-01-19T11:52:47+01:00,2026-01-20T12:35,shortwave_radiation,113,40,0.17,-0.004,45,0,3.53,0.1846,0.86,0.717572,0.01195954
9,2026-01-19T11:52:47+01:00,2026-01-20T12:36,shortwave_radiation,113,40,0.17,-0.004,45,0,3.53,0.1846,0.86,0.717572,0.01195954
9,2026-01-19T11:52:47+01:00,2026-01-20T12:37,shortwave_radiation,113,40,0.17,-0.004,45,0,3.53,0.1846,0.86,0.717572,0.01195954
9,2026-01-19T11:52:47+01:00,2026-01-20T12:38,shortwave_radiation,113,40,0.17,-0.004,45,0,3.53,0.1846,0.86,0.717572,0.01195954
9,2026-01-19T11:52:47+01:00,2026-01-20T12:39,shortwave_radiation,113,40,0.17,-0.004,45,0,3.53,0.1846,0.86,0.717572,0.01195954
9,2026-01-19T11:52:47+01:00,2026-01-20T12:40,shortwave_radiation,113,40,0.17,-0.004,45,0,3.53,0.1846,0.86,0.717572,0.01195954
9,2026-01-19T11:52:47+01:00,2026-01-20T12:41,shortwave_radiation,113,40,0.17,-0.004,45,0,3.53,0.1846,0.86,0.717572,0.01195954
9,2026-01-19T11:52:47+01:00,2026-01-20T12:42,shortwave_radiation,113,40,0.17,-0.004,45,0,3.53,0.1846,0.86,0.717572,0.01195954
9,2026-01-19T11:52:47+01:00,2026-01-20T12:43,shortwave_radiation,113,40,0.17,-0.004,45,0,3.53,0.1846,0.86,0.717572,0.01195954
9,2026-01-19T11:52:47+01:00,2026-01-20T12:44,shortwave_radiation,113,40,0.17,-0.004,45,0,3.53,0.1846,0.86,0.717572,0.01195954
9,2026-01-19T11:52:47+01:00,2026-01-20T12:45,shortwave_radiation,86,40,0.17,-0.004,45,0.3,2.99,0.18497,0.86,0.547211,0.00912018
9,2026-01-19T11:52:47+01:00,2026-01-20T12:46,shortwave_radiation,86,40,0.17,-0.004,45,0.3,2.99,0.18497,0.86,0.547211,0.00912018
9,2026-01-19T11:52:47+01:00,2026-01-20T12:47,shortwave_radiation,86,40,0.17,-0.004,45,0.3,2.99,0.18497,0.86,0.547211,0.00912018
9,2026-01-19T11:52:47+01:00,2026-01-20T12:48,shortwave_radiation,86,40,0.17,-0.004,45,0.3,2.99,0.18497,0.86,0.547211,0.00912018
9,2026-01-19T11:52:47+01:00,2026-01-20T12:49,shortwave_radiation,86,40,0.17,-0.004,45,0.3,2.99,0.18497,0.86,0.547211,0.00912018
9,2026-01-19T11:52:47+01:00,2026-01-20T12:50,shortwave_radiation,86,40,0.17,-0.004,45,0.3,2.99,0.18497,0.86,0.547211,0.00912018
9,2026-01-19T11:52:47+01:00,2026-01-20T12:51,shortwave_radiation,86,40,0.17,-0.004,45,0.3,2.99,0.18497,0.86,0.547211,0.00912018
9,2026-01-19T11:52:47+01:00,2026-01-20T12:52,shortwave_radiation,86,40,0.17,-0.004,45,0.3,2.99,0.18497,0.86,0.547211,0.00912018
9,2026-01-19T11:52:47+01:00,2026-01-20T12:53,shortwave_radiation,86,40,0.17,-0.004,45,0.3,2.99,0.18497,0.86,0.547211,0.00912018
9,2026-01-19T11:52:47+01:00,2026-01-20T12:54,shortwave_radiation,86,40,0.17,-0.004,45,0.3,2.99,0.18497,0.86,0.547211,0.00912018
9,2026-01-19T11:52:47+01:00,2026-01-20T12:55,shortwave_radiation,86,40,0.17,-0.004,45,0.3,2.99,0.18497,0.86,0.547211,0.00912018
9,2026-01-19T11:52:47+01:00,2026-01-20T12:56,shortwave_radiation,86,40,0.17,-0.004,45,0.3,2.99,0.18497,0.86,0.547211,0.00912018
9,2026-01-19T11:52:47+01:00,2026-01-20T12:57,shortwave_radiation,86,40,0.17,-0.004,45,0.3,2.99,0.18497,0.86,0.547211,0.00912018
9,2026-01-19T11:52:47+01:00,2026-01-20T12:58,shortwave_radiation,86,40,0.17,-0.004,45,0.3,2.99,0.18497,0.86,0.547211,0.00912018
9,2026-01-19T11:52:47+01:00,2026-01-20T12:59,shortwave_radiation,86,40,0.17,-0.004,45,0.3,2.99,0.18497,0.86,0.547211,0.00912018
9,2026-01-19T11:52:47+01:00,2026-01-20T13:00,shortwave_radiation,95,40,0.17,-0.004,45,0.3,3.27,0.18478,0.86,0.603852,0.0100642
9,2026-01-19T11:52:47+01:00,2026-01-20T13:01,shortwave_radiation,95,40,0.17,-0.004,45,0.3,3.27,0.18478,0.86,0.603852,0.0100642
9,2026-01-19T11:52:47+01:00,2026-01-20T13:02,shortwave_radiation,95,40,0.17,-0.004,45,0.3,3.27,0.18478,0.86,0.603852,0.0100642
9,2026-01-19T11:52:47+01:00,2026-01-20T13:03,shortwave_radiation,95,40,0.17,-0.004,45,0.3,3.27,0.18478,0.86,0.603852,0.0100642
9,2026-01-19T11:52:47+01:00,2026-01-20T13:04,shortwave_radiation,95,40,0.17,-0.004,45,0.3,3.27,0.18478,0.86,0.603852,0.0100642
9,2026-01-19T11:52:47+01:00,2026-01-20T13:05,shortwave_radiation,95,40,0.17,-0.004,45,0.3,3.27,0.18478,0.86,0.603852,0.0100642
9,2026-01-19T11:52:47+01:00,2026-01-20T13:06,shortwave_radiation,95,40,0.17,-0.004,45,0.3,3.27,0.18478,0.86,0.603852,0.0100642
9,2026-01-19T11:52:47+01:00,2026-01-20T13:07,shortwave_radiation,95,40,0.17,-0.004,45,0.3,3.27,0.18478,0.86,0.603852,0.0100642
9,2026-01-19T11:52:47+01:00,2026-01-20T13:08,shortwave_radiation,95,40,0.17,-0.004,45,0.3,3.27,0.18478,0.86,0.603852,0.0100642
9,2026-01-19T11:52:47+01:00,2026-01-20T13:09,shortwave_radiation,95,40,0.17,-0.004,45,0.3,3.27,0.18478,0.86,0.603852,0.0100642
9,2026-01-19T11:52:47+01:00,2026-01-20T13:10,shortwave_radiation,95,40,0.17,-0.004,45,0.3,3.27,0.18478,0.86,0.603852,0.0100642
9,2026-01-19T11:52:47+01:00,2026-01-20T13:11,shortwave_radiation,95,40,0.17,-0.004,45,0.3,3.27,0.18478,0.86,0.603852,0.0100642
9,2026-01-19T11:52:47+01:00,2026-01-20T13:12,shortwave_radiation,95,40,0.17,-0.004,45,0.3,3.27,0.18478,0.86,0.603852,0.0100642
9,2026-01-19T11:52:47+01:00,2026-01-20T13:13,shortwave_radiation,95,40,0.17,-0.004,45,0.3,3.27,0.18478,0.86,0.603852,0.0100642
9,2026-01-19T11:52:47+01:00,2026-01-20T13:14,shortwave_radiation,95,40,0.17,-0.004,45,0.3,3.27,0.18478,0.86,0.603852,0.0100642
9,2026-01-19T11:52:47+01:00,2026-01-20T13:15,shortwave_radiation,104,40,0.17,-0.004,45,0.3,3.55,0.18459,0.86,0.660375,0.01100625
9,2026-01-19T11:52:47+01:00,2026-01-20T13:16,shortwave_radiation,104,40,0.17,-0.004,45,0.3,3.55,0.18459,0.86,0.660375,0.01100625
9,2026-01-19T11:52:47+01:00,2026-01-20T13:17,shortwave_radiation,104,40,0.17,-0.004,45,0.3,3.55,0.18459,0.86,0.660375,0.01100625
9,2026-01-19T11:52:47+01:00,2026-01-20T13:18,shortwave_radiation,104,40,0.17,-0.004,45,0.3,3.55,0.18459,0.86,0.660375,0.01100625
9,2026-01-19T11:52:47+01:00,2026-01-20T13:19,shortwave_radiation,104,40,0.17,-0.004,45,0.3,3.55,0.18459,0.86,0.660375,0.01100625
9,2026-01-19T11:52:47+01:00,2026-01-20T13:20,shortwave_radiation,104,40,0.17,-0.004,45,0.3,3.55,0.18459,0.86,0.660375,0.01100625
9,2026-01-19T11:52:47+01:00,2026-01-20T13:21,shortwave_radiation,104,40,0.17,-0.004,45,0.3,3.55,0.18459,0.86,0.660375,0.01100625
9,2026-01-19T11:52:47+01:00,2026-01-20T13:22,shortwave_radiation,104,40,0.17,-0.004,45,0.3,3.55,0.18459,0.86,0.660375,0.01100625
9,2026-01-19T11:52:47+01:00,2026-01-20T13:23,shortwave_radiation,104,40,0.17,-0.004,45,0.3,3.55,0.18459,0.86,0.660375,0.01100625
9,2026-01-19T11:52:47+01:00,2026-01-20T13:24,shortwave_radiation,104,40,0.17,-0.004,45,0.3,3.55,0.18459,0.86,0.660375,0.01100625
9,2026-01-19T11:52:47+01:00,2026-01-20T13:25,shortwave_radiation,104,40,0.17,-0.004,45,0.3,3.55,0.18459,0.86,0.660375,0.01100625
9,2026-01-19T11:52:47+01:00,2026-01-20T13:26,shortwave_radiation,104,40,0.17,-0.004,45,0.3,3.55,0.18459,0.86,0.660375,0.01100625
9,2026-01-19T11:52:47+01:00,2026-01-20T13:27,shortwave_radiation,104,40,0.17,-0.004,45,0.3,3.55,0.18459,0.86,0.660375,0.01100625
9,2026-01-19T11:52:47+01:00,2026-01-20T13:28,shortwave_radiation,104,40,0.17,-0.004,45,0.3,3.55,0.18459,0.86,0.660375,0.01100625
9,2026-01-19T11:52:47+01:00,2026-01-20T13:29,shortwave_radiation,104,40,0.17,-0.004,45,0.3,3.55,0.18459,0.86,0.660375,0.01100625
9,2026-01-19T11:52:47+01:00,2026-01-20T13:30,shortwave_radiation,104,40,0.17,-0.004,45,0.3,3.55,0.18459,0.86,0.660375,0.01100625
9,2026-01-19T11:52:47+01:00,2026-01-20T13:31,shortwave_radiation,104,40,0.17,-0.004,45,0.3,3.55,0.18459,0.86,0.660375,0.01100625
9,2026-01-19T11:52:47+01:00,2026-01-20T13:32,shortwave_radiation,104,40,0.17,-0.004,45,0.3,3.55,0.18459,0.86,0.660375,0.01100625
9,2026-01-19T11:52:47+01:00,2026-01-20T13:33,shortwave_radiation,104,40,0.17,-0.004,45,0.3,3.55,0.18459,0.86,0.660375,0.01100625
9,2026-01-19T11:52:47+01:00,2026-01-20T13:34,shortwave_radiation,104,40,0.17,-0.004,45,0.3,3.55,0.18459,0.86,0.660375,0.01100625
9,2026-01-19T11:52:47+01:00,2026-01-20T13:35,shortwave_radiation,104,40,0.17,-0.004,45,0.3,3.55,0.18459,0.86,0.660375,0.01100625
9,2026-01-19T11:52:47+01:00,2026-01-20T13:36,shortwave_radiation,104,40,0.17,-0.004,45,0.3,3.55,0.18459,0.86,0.660375,0.01100625
9,2026-01-19T11:52:47+01:00,2026-01-20T13:37,shortwave_radiation,104,40,0.17,-0.004,45,0.3,3.55,0.18459,0.86,0.660375,0.01100625
9,2026-01-19T11:52:47+01:00,2026-01-20T13:38,shortwave_radiation,104,40,0.17,-0.004,45,0.3,3.55,0.18459,0.86,0.660375,0.01100625
9,2026-01-19T11:52:47+01:00,2026-01-20T13:39,shortwave_radiation,104,40,0.17,-0.004,45,0.3,3.55,0.18459,0.86,0.660375,0.01100625
9,2026-01-19T11:52:47+01:00,2026-01-20T13:40,shortwave_radiation,104,40,0.17,-0.004,45,0.3,3.55,0.18459,0.86,0.660375,0.01100625
9,2026-01-19T11:52:47+01:00,2026-01-20T13:41,shortwave_radiation,104,40,0.17,-0.004,45,0.3,3.55,0.18459,0.86,0.660375,0.01100625
9,2026-01-19T11:52:47+01:00,2026-01-20T13:42,shortwave_radiation,104,40,0.17,-0.004,45,0.3,3.55,0.18459,0.86,0.660375,0.01100625
9,2026-01-19T11:52:47+01:00,2026-01-20T13:43,shortwave_radiation,104,40,0.17,-0.004,45,0.3,3.55,0.18459,0.86,0.660375,0.01100625
9,2026-01-19T11:52:47+01:00,2026-01-20T13:44,shortwave_radiation,104,40,0.17,-0.004,45,0.3,3.55,0.18459,0.86,0.660375,0.01100625
9,2026-01-19T11:52:47+01:00,2026-01-20T13:45,shortwave_radiation,94,40,0.17,-0.004,45,0.5,3.44,0.18466,0.86,0.597125,0.00995208
9,2026-01-19T11:52:47+01:00,2026-01-20T13:46,shortwave_radiation,94,40,0.17,-0.004,45,0.5,3.44,0.18466,0.86,0.597125,0.00995208
9,2026-01-19T11:52:47+01:00,2026-01-20T13:47,shortwave_radiation,94,40,0.17,-0.004,45,0.5,3.44,0.18466,0.86,0.597125,0.00995208
9,2026-01-19T11:52:47+01:00,2026-01-20T13:48,shortwave_radiation,94,40,0.17,-0.004,45,0.5,3.44,0.18466,0.86,0.597125,0.00995208
9,2026-01-19T11:52:47+01:00,2026-01-20T13:49,shortwave_radiation,94,40,0.17,-0.004,45,0.5,3.44,0.18466,0.86,0.597125,0.00995208
9,2026-01-19T11:52:47+01:00,2026-01-20T13:50,shortwave_radiation,94,40,0.17,-0.004,45,0.5,3.44,0.18466,0.86,0.597125,0.00995208
9,2026-01-19T11:52:47+01:00,2026-01-20T13:51,shortwave_radiation,94,40,0.17,-0.004,45,0.5,3.44,0.18466,0.86,0.597125,0.00995208
9,2026-01-19T11:52:47+01:00,2026-01-20T13:52,shortwave_radiation,94,40,0.17,-0.004,45,0.5,3.44,0.18466,0.86,0.597125,0.00995208
9,2026-01-19T11:52:47+01:00,2026-01-20T13:53,shortwave_radiation,94,40,0.17,-0.004,45,0.5,3.44,0.18466,0.86,0.597125,0.00995208
9,2026-01-19T11:52:47+01:00,2026-01-20T13:54,shortwave_radiation,94,40,0.17,-0.004,45,0.5,3.44,0.18466,0.86,0.597125,0.00995208
9,2026-01-19T11:52:47+01:00,2026-01-20T13:55,shortwave_radiation,94,40,0.17,-0.004,45,0.5,3.44,0.18466,0.86,0.597125,0.00995208
9,2026-01-19T11:52:47+01:00,2026-01-20T13:56,shortwave_radiation,94,40,0.17,-0.004,45,0.5,3.44,0.18466,0.86,0.597125,0.00995208
9,2026-01-19T11:52:47+01:00,2026-01-20T13:57,shortwave_radiation,94,40,0.17,-0.004,45,0.5,3.44,0.18466,0.86,0.597125,0.00995208
9,2026-01-19T11:52:47+01:00,2026-01-20T13:58,shortwave_radiation,94,40,0.17,-0.004,45,0.5,3.44,0.18466,0.86,0.597125,0.00995208
9,2026-01-19T11:52:47+01:00,2026-01-20T13:59,shortwave_radiation,94,40,0.17,-0.004,45,0.5,3.44,0.18466,0.86,0.597125,0.00995208
9,2026-01-19T11:52:47+01:00,2026-01-20T14:00,shortwave_radiation,96,40,0.17,-0.004,45,0.5,3.5,0.18462,0.86,0.609689,0.01016148
9,2026-01-19T11:52:47+01:00,2026-01-20T14:01,shortwave_radiation,96,40,0.17,-0.004,45,0.5,3.5,0.18462,0.86,0.609689,0.01016148
9,2026-01-19T11:52:47+01:00,2026-01-20T14:02,shortwave_radiation,96,40,0.17,-0.004,45,0.5,3.5,0.18462,0.86,0.609689,0.01016148
9,2026-01-19T11:52:47+01:00,2026-01-20T14:03,shortwave_radiation,96,40,0.17,-0.004,45,0.5,3.5,0.18462,0.86,0.609689,0.01016148
9,2026-01-19T11:52:47+01:00,2026-01-20T14:04,shortwave_radiation,96,40,0.17,-0.004,45,0.5,3.5,0.18462,0.86,0.609689,0.01016148
9,2026-01-19T11:52:47+01:00,2026-01-20T14:05,shortwave_radiation,96,40,0.17,-0.004,45,0.5,3.5,0.18462,0.86,0.609689,0.01016148
9,2026-01-19T11:52:47+01:00,2026-01-20T14:06,shortwave_radiation,96,40,0.17,-0.004,45,0.5,3.5,0.18462,0.86,0.609689,0.01016148
9,2026-01-19T11:52:47+01:00,2026-01-20T14:07,shortwave_radiation,96,40,0.17,-0.004,45,0.5,3.5,0.18462,0.86,0.609689,0.01016148
9,2026-01-19T11:52:47+01:00,2026-01-20T14:08,shortwave_radiation,96,40,0.17,-0.004,45,0.5,3.5,0.18462,0.86,0.609689,0.01016148
9,2026-01-19T11:52:47+01:00,2026-01-20T14:09,shortwave_radiation,96,40,0.17,-0.004,45,0.5,3.5,0.18462,0.86,0.609689,0.01016148
9,2026-01-19T11:52:47+01:00,2026-01-20T14:10,shortwave_radiation,96,40,0.17,-0.004,45,0.5,3.5,0.18462,0.86,0.609689,0.01016148
9,2026-01-19T11:52:47+01:00,2026-01-20T14:11,shortwave_radiation,96,40,0.17,-0.004,45,0.5,3.5,0.18462,0.86,0.609689,0.01016148
9,2026-01-19T11:52:47+01:00,2026-01-20T14:12,shortwave_radiation,96,40,0.17,-0.004,45,0.5,3.5,0.18462,0.86,0.609689,0.01016148
9,2026-01-19T11:52:47+01:00,2026-01-20T14:13,shortwave_radiation,96,40,0.17,-0.004,45,0.5,3.5,0.18462,0.86,0.609689,0.01016148
9,2026-01-19T11:52:47+01:00,2026-01-20T14:14,shortwave_radiation,96,40,0.17,-0.004,45,0.5,3.5,0.18462,0.86,0.609689,0.01016148
9,2026-01-19T11:52:47+01:00,2026-01-20T14:15,shortwave_radiation,101,40,0.17,-0.004,45,0.5,3.66,0.18451,0.86,0.641075,0.01068458
9,2026-01-19T11:52:47+01:00,2026-01-20T14:16,shortwave_radiation,101,40,0.17,-0.004,45,0.5,3.66,0.18451,0.86,0.641075,0.01068458
9,2026-01-19T11:52:47+01:00,2026-01-20T14:17,shortwave_radiation,101,40,0.17,-0.004,45,0.5,3.66,0.18451,0.86,0.641075,0.01068458
9,2026-01-19T11:52:47+01:00,2026-01-20T14:18,shortwave_radiation,101,40,0.17,-0.004,45,0.5,3.66,0.18451,0.86,0.641075,0.01068458
9,2026-01-19T11:52:47+01:00,2026-01-20T14:19,shortwave_radiation,101,40,0.17,-0.004,45,0.5,3.66,0.18451,0.86,0.641075,0.01068458
9,2026-01-19T11:52:47+01:00,2026-01-20T14:20,shortwave_radiation,101,40,0.17,-0.004,45,0.5,3.66,0.18451,0.86,0.641075,0.01068458
9,2026-01-19T11:52:47+01:00,2026-01-20T14:21,shortwave_radiation,101,40,0.17,-0.004,45,0.5,3.66,0.18451,0.86,0.641075,0.01068458
9,2026-01-19T11:52:47+01:00,2026-01-20T14:22,shortwave_radiation,101,40,0.17,-0.004,45,0.5,3.66,0.18451,0.86,0.641075,0.01068458
9,2026-01-19T11:52:47+01:00,2026-01-20T14:23,shortwave_radiation,101,40,0.17,-0.004,45,0.5,3.66,0.18451,0.86,0.641075,0.01068458
9,2026-01-19T11:52:47+01:00,2026-01-20T14:24,shortwave_radiation,101,40,0.17,-0.004,45,0.5,3.66,0.18451,0.86,0.641075,0.01068458
9,2026-01-19T11:52:47+01:00,2026-01-20T14:25,shortwave_radiation,101,40,0.17,-0.004,45,0.5,3.66,0.18451,0.86,0.641075,0.01068458
9,2026-01-19T11:52:47+01:00,2026-01-20T14:26,shortwave_radiation,101,40,0.17,-0.004,45,0.5,3.66,0.18451,0.86,0.641075,0.01068458
9,2026-01-19T11:52:47+01:00,2026-01-20T14:27,shortwave_radiation,101,40,0.17,-0.004,45,0.5,3.66,0.18451,0.86,0.641075,0.01068458
9,2026-01-19T11:52:47+01:00,2026-01-20T14:28,shortwave_radiation,101,40,0.17,-0.004,45,0.5,3.66,0.18451,0.86,0.641075,0.01068458
9,2026-01-19T11:52:47+01:00,2026-01-20T14:29,shortwave_radiation,101,40,0.17,-0.004,45,0.5,3.66,0.18451,0.86,0.641075,0.01068458
9,2026-01-19T11:52:47+01:00,2026-01-20T14:30,shortwave_radiation,100,40,0.17,-0.004,45,0.5,3.62,0.18454,0.86,0.6348,0.01058001
9,2026-01-19T11:52:47+01:00,2026-01-20T14:31,shortwave_radiation,100,40,0.17,-0.004,45,0.5,3.62,0.18454,0.86,0.6348,0.01058001
9,2026-01-19T11:52:47+01:00,2026-01-20T14:32,shortwave_radiation,100,40,0.17,-0.004,45,0.5,3.62,0.18454,0.86,0.6348,0.01058001
9,2026-01-19T11:52:47+01:00,2026-01-20T14:33,shortwave_radiation,100,40,0.17,-0.004,45,0.5,3.62,0.18454,0.86,0.6348,0.01058001
9,2026-01-19T11:52:47+01:00,2026-01-20T14:34,shortwave_radiation,100,40,0.17,-0.004,45,0.5,3.62,0.18454,0.86,0.6348,0.01058001
9,2026-01-19T11:52:47+01:00,2026-01-20T14:35,shortwave_radiation,100,40,0.17,-0.004,45,0.5,3.62,0.18454,0.86,0.6348,0.01058001
9,2026-01-19T11:52:47+01:00,2026-01-20T14:36,shortwave_radiation,100,40,0.17,-0.004,45,0.5,3.62,0.18454,0.86,0.6348,0.01058001
9,2026-01-19T11:52:47+01:00,2026-01-20T14:37,shortwave_radiation,100,40,0.17,-0.004,45,0.5,3.62,0.18454,0.86,0.6348,0.01058001
9,2026-01-19T11:52:47+01:00,2026-01-20T14:38,shortwave_radiation,100,40,0.17,-0.004,45,0.5,3.62,0.18454,0.86,0.6348,0.01058001
9,2026-01-19T11:52:47+01:00,2026-01-20T14:39,shortwave_radiation,100,40,0.17,-0.004,45,0.5,3.62,0.18454,0.86,0.6348,0.01058001
9,2026-01-19T11:52:47+01:00,2026-01-20T14:40,shortwave_radiation,100,40,0.17,-0.004,45,0.5,3.62,0.18454,0.86,0.6348,0.01058001
9,2026-01-19T11:52:47+01:00,2026-01-20T14:41,shortwave_radiation,100,40,0.17,-0.004,45,0.5,3.62,0.18454,0.86,0.6348,0.01058001
9,2026-01-19T11:52:47+01:00,2026-01-20T14:42,shortwave_radiation,100,40,0.17,-0.004,45,0.5,3.62,0.18454,0.86,0.6348,0.01058001
9,2026-01-19T11:52:47+01:00,2026-01-20T14:43,shortwave_radiation,100,40,0.17,-0.004,45,0.5,3.62,0.18454,0.86,0.6348,0.01058001
9,2026-01-19T11:52:47+01:00,2026-01-20T14:44,shortwave_radiation,100,40,0.17,-0.004,45,0.5,3.62,0.18454,0.86,0.6348,0.01058001
9,2026-01-19T11:52:47+01:00,2026-01-20T14:45,shortwave_radiation,90,40,0.17,-0.004,45,0.8,3.61,0.18454,0.86,0.571347,0.00952244
9,2026-01-19T11:52:47+01:00,2026-01-20T14:46,shortwave_radiation,90,40,0.17,-0.004,45,0.8,3.61,0.18454,0.86,0.571347,0.00952244
9,2026-01-19T11:52:47+01:00,2026-01-20T14:47,shortwave_radiation,90,40,0.17,-0.004,45,0.8,3.61,0.18454,0.86,0.571347,0.00952244
9,2026-01-19T11:52:47+01:00,2026-01-20T14:48,shortwave_radiation,90,40,0.17,-0.004,45,0.8,3.61,0.18454,0.86,0.571347,0.00952244
9,2026-01-19T11:52:47+01:00,2026-01-20T14:49,shortwave_radiation,90,40,0.17,-0.004,45,0.8,3.61,0.18454,0.86,0.571347,0.00952244
9,2026-01-19T11:52:47+01:00,2026-01-20T14:50,shortwave_radiation,90,40,0.17,-0.004,45,0.8,3.61,0.18454,0.86,0.571347,0.00952244
9,2026-01-19T11:52:47+01:00,2026-01-20T14:51,shortwave_radiation,90,40,0.17,-0.004,45,0.8,3.61,0.18454,0.86,0.571347,0.00952244
9,2026-01-19T11:52:47+01:00,2026-01-20T14:52,shortwave_radiation,90,40,0.17,-0.004,45,0.8,3.61,0.18454,0.86,0.571347,0.00952244
9,2026-01-19T11:52:47+01:00,2026-01-20T14:53,shortwave_radiation,90,40,0.17,-0.004,45,0.8,3.61,0.18454,0.86,0.571347,0.00952244
9,2026-01-19T11:52:47+01:00,2026-01-20T14:54,shortwave_radiation,90,40,0.17,-0.004,45,0.8,3.61,0.18454,0.86,0.571347,0.00952244
9,2026-01-19T11:52:47+01:00,2026-01-20T14:55,shortwave_radiation,90,40,0.17,-0.004,45,0.8,3.61,0.18454,0.86,0.571347,0.00952244
9,2026-01-19T11:52:47+01:00,2026-01-20T14:56,shortwave_radiation,90,40,0.17,-0.004,45,0.8,3.61,0.18454,0.86,0.571347,0.00952244
9,2026-01-19T11:52:47+01:00,2026-01-20T14:57,shortwave_radiation,90,40,0.17,-0.004,45,0.8,3.61,0.18454,0.86,0.571347,0.00952244
9,2026-01-19T11:52:47+01:00,2026-01-20T14:58,shortwave_radiation,90,40,0.17,-0.004,45,0.8,3.61,0.18454,0.86,0.571347,0.00952244
9,2026-01-19T11:52:47+01:00,2026-01-20T14:59,shortwave_radiation,90,40,0.17,-0.004,45,0.8,3.61,0.18454,0.86,0.571347,0.00952244
9,2026-01-19T11:52:47+01:00,2026-01-20T15:00,shortwave_radiation,68,40,0.17,-0.004,45,0.8,2.92,0.18501,0.86,0.432778,0.00721296
9,2026-01-19T11:52:47+01:00,2026-01-20T15:01,shortwave_radiation,68,40,0.17,-0.004,45,0.8,2.92,0.18501,0.86,0.432778,0.00721296
9,2026-01-19T11:52:47+01:00,2026-01-20T15:02,shortwave_radiation,68,40,0.17,-0.004,45,0.8,2.92,0.18501,0.86,0.432778,0.00721296
9,2026-01-19T11:52:47+01:00,2026-01-20T15:03,shortwave_radiation,68,40,0.17,-0.004,45,0.8,2.92,0.18501,0.86,0.432778,0.00721296
9,2026-01-19T11:52:47+01:00,2026-01-20T15:04,shortwave_radiation,68,40,0.17,-0.004,45,0.8,2.92,0.18501,0.86,0.432778,0.00721296
9,2026-01-19T11:52:47+01:00,2026-01-20T15:05,shortwave_radiation,68,40,0.17,-0.004,45,0.8,2.92,0.18501,0.86,0.432778,0.00721296
9,2026-01-19T11:52:47+01:00,2026-01-20T15:06,shortwave_radiation,68,40,0.17,-0.004,45,0.8,2.92,0.18501,0.86,0.432778,0.00721296
9,2026-01-19T11:52:47+01:00,2026-01-20T15:07,shortwave_radiation,68,40,0.17,-0.004,45,0.8,2.92,0.18501,0.86,0.432778,0.00721296
9,2026-01-19T11:52:47+01:00,2026-01-20T15:08,shortwave_radiation,68,40,0.17,-0.004,45,0.8,2.92,0.18501,0.86,0.432778,0.00721296
9,2026-01-19T11:52:47+01:00,2026-01-20T15:09,shortwave_radiation,68,40,0.17,-0.004,45,0.8,2.92,0.18501,0.86,0.432778,0.00721296
9,2026-01-19T11:52:47+01:00,2026-01-20T15:10,shortwave_radiation,68,40,0.17,-0.004,45,0.8,2.92,0.18501,0.86,0.432778,0.00721296
9,2026-01-19T11:52:47+01:00,2026-01-20T15:11,shortwave_radiation,68,40,0.17,-0.004,45,0.8,2.92,0.18501,0.86,0.432778,0.00721296
9,2026-01-19T11:52:47+01:00,2026-01-20T15:12,shortwave_radiation,68,40,0.17,-0.004,45,0.8,2.92,0.18501,0.86,0.432778,0.00721296
9,2026-01-19T11:52:47+01:00,2026-01-20T15:13,shortwave_radiation,68,40,0.17,-0.004,45,0.8,2.92,0.18501,0.86,0.432778,0.00721296
9,2026-01-19T11:52:47+01:00,2026-01-20T15:14,shortwave_radiation,68,40,0.17,-0.004,45,0.8,2.92,0.18501,0.86,0.432778,0.00721296
9,2026-01-19T11:52:47+01:00,2026-01-20T15:15,shortwave_radiation,67,40,0.17,-0.004,45,0.8,2.89,0.18503,0.86,0.426462,0.00710771
9,2026-01-19T11:52:47+01:00,2026-01-20T15:16,shortwave_radiation,67,40,0.17,-0.004,45,0.8,2.89,0.18503,0.86,0.426462,0.00710771
9,2026-01-19T11:52:47+01:00,2026-01-20T15:17,shortwave_radiation,67,40,0.17,-0.004,45,0.8,2.89,0.18503,0.86,0.426462,0.00710771
9,2026-01-19T11:52:47+01:00,2026-01-20T15:18,shortwave_radiation,67,40,0.17,-0.004,45,0.8,2.89,0.18503,0.86,0.426462,0.00710771
9,2026-01-19T11:52:47+01:00,2026-01-20T15:19,shortwave_radiation,67,40,0.17,-0.004,45,0.8,2.89,0.18503,0.86,0.426462,0.00710771
9,2026-01-19T11:52:47+01:00,2026-01-20T15:20,shortwave_radiation,67,40,0.17,-0.004,45,0.8,2.89,0.18503,0.86,0.426462,0.00710771
9,2026-01-19T11:52:47+01:00,2026-01-20T15:21,shortwave_radiation,67,40,0.17,-0.004,45,0.8,2.89,0.18503,0.86,0.426462,0.00710771
9,2026-01-19T11:52:47+01:00,2026-01-20T15:22,shortwave_radiation,67,40,0.17,-0.004,45,0.8,2.89,0.18503,0.86,0.426462,0.00710771
9,2026-01-19T11:52:47+01:00,2026-01-20T15:23,shortwave_radiation,67,40,0.17,-0.004,45,0.8,2.89,0.18503,0.86,0.426462,0.00710771
9,2026-01-19T11:52:47+01:00,2026-01-20T15:24,shortwave_radiation,67,40,0.17,-0.004,45,0.8,2.89,0.18503,0.86,0.426462,0.00710771
9,2026-01-19T11:52:47+01:00,2026-01-20T15:25,shortwave_radiation,67,40,0.17,-0.004,45,0.8,2.89,0.18503,0.86,0.426462,0.00710771
9,2026-01-19T11:52:47+01:00,2026-01-20T15:26,shortwave_radiation,67,40,0.17,-0.004,45,0.8,2.89,0.18503,0.86,0.426462,0.00710771
9,2026-01-19T11:52:47+01:00,2026-01-20T15:27,shortwave_radiation,67,40,0.17,-0.004,45,0.8,2.89,0.18503,0.86,0.426462,0.00710771
9,2026-01-19T11:52:47+01:00,2026-01-20T15:28,shortwave_radiation,67,40,0.17,-0.004,45,0.8,2.89,0.18503,0.86,0.426462,0.00710771
9,2026-01-19T11:52:47+01:00,2026-01-20T15:29,shortwave_radiation,67,40,0.17,-0.004,45,0.8,2.89,0.18503,0.86,0.426462,0.00710771
9,2026-01-19T11:52:47+01:00,2026-01-20T15:30,shortwave_radiation,50,40,0.17,-0.004,45,0.8,2.36,0.18539,0.86,0.318877,0.00531461
9,2026-01-19T11:52:47+01:00,2026-01-20T15:31,shortwave_radiation,50,40,0.17,-0.004,45,0.8,2.36,0.18539,0.86,0.318877,0.00531461
9,2026-01-19T11:52:47+01:00,2026-01-20T15:32,shortwave_radiation,50,40,0.17,-0.004,45,0.8,2.36,0.18539,0.86,0.318877,0.00531461
9,2026-01-19T11:52:47+01:00,2026-01-20T15:33,shortwave_radiation,50,40,0.17,-0.004,45,0.8,2.36,0.18539,0.86,0.318877,0.00531461
9,2026-01-19T11:52:47+01:00,2026-01-20T15:34,shortwave_radiation,50,40,0.17,-0.004,45,0.8,2.36,0.18539,0.86,0.318877,0.00531461
9,2026-01-19T11:52:47+01:00,2026-01-20T15:35,shortwave_radiation,50,40,0.17,-0.004,45,0.8,2.36,0.18539,0.86,0.318877,0.00531461
9,2026-01-19T11:52:47+01:00,2026-01-20T15:36,shortwave_radiation,50,40,0.17,-0.004,45,0.8,2.36,0.18539,0.86,0.318877,0.00531461
9,2026-01-19T11:52:47+01:00,2026-01-20T15:37,shortwave_radiation,50,40,0.17,-0.004,45,0.8,2.36,0.18539,0.86,0.318877,0.00531461
9,2026-01-19T11:52:47+01:00,2026-01-20T15:38,shortwave_radiation,50,40,0.17,-0.004,45,0.8,2.36,0.18539,0.86,0.318877,0.00531461
9,2026-01-19T11:52:47+01:00,2026-01-20T15:39,shortwave_radiation,50,40,0.17,-0.004,45,0.8,2.36,0.18539,0.86,0.318877,0.00531461
9,2026-01-19T11:52:47+01:00,2026-01-20T15:40,shortwave_radiation,50,40,0.17,-0.004,45,0.8,2.36,0.18539,0.86,0.318877,0.00531461
9,2026-01-19T11:52:47+01:00,2026-01-20T15:41,shortwave_radiation,50,40,0.17,-0.004,45,0.8,2.36,0.18539,0.86,0.318877,0.00531461
9,2026-01-19T11:52:47+01:00,2026-01-20T15:42,shortwave_radiation,50,40,0.17,-0.004,45,0.8,2.36,0.18539,0.86,0.318877,0.00531461
9,2026-01-19T11:52:47+01:00,2026-01-20T15:43,shortwave_radiation,50,40,0.17,-0.004,45,0.8,2.36,0.18539,0.86,0.318877,0.00531461
9,2026-01-19T11:52:47+01:00,2026-01-20T15:44,shortwave_radiation,50,40,0.17,-0.004,45,0.8,2.36,0.18539,0.86,0.318877,0.00531461
9,2026-01-19T11:52:47+01:00,2026-01-20T15:45,shortwave_radiation,33,40,0.17,-0.004,45,0.9,1.93,0.18569,0.86,0.210792,0.00351319
9,2026-01-19T11:52:47+01:00,2026-01-20T15:46,shortwave_radiation,33,40,0.17,-0.004,45,0.9,1.93,0.18569,0.86,0.210792,0.00351319
9,2026-01-19T11:52:47+01:00,2026-01-20T15:47,shortwave_radiation,33,40,0.17,-0.004,45,0.9,1.93,0.18569,0.86,0.210792,0.00351319
9,2026-01-19T11:52:47+01:00,2026-01-20T15:48,shortwave_radiation,33,40,0.17,-0.004,45,0.9,1.93,0.18569,0.86,0.210792,0.00351319
9,2026-01-19T11:52:47+01:00,2026-01-20T15:49,shortwave_radiation,33,40,0.17,-0.004,45,0.9,1.93,0.18569,0.86,0.210792,0.00351319
9,2026-01-19T11:52:47+01:00,2026-01-20T15:50,shortwave_radiation,33,40,0.17,-0.004,45,0.9,1.93,0.18569,0.86,0.210792,0.00351319
9,2026-01-19T11:52:47+01:00,2026-01-20T15:51,shortwave_radiation,33,40,0.17,-0.004,45,0.9,1.93,0.18569,0.86,0.210792,0.00351319
9,2026-01-19T11:52:47+01:00,2026-01-20T15:52,shortwave_radiation,33,40,0.17,-0.004,45,0.9,1.93,0.18569,0.86,0.210792,0.00351319
9,2026-01-19T11:52:47+01:00,2026-01-20T15:53,shortwave_radiation,33,40,0.17,-0.004,45,0.9,1.93,0.18569,0.86,0.210792,0.00351319
9,2026-01-19T11:52:47+01:00,2026-01-20T15:54,shortwave_radiation,33,40,0.17,-0.004,45,0.9,1.93,0.18569,0.86,0.210792,0.00351319
9,2026-01-19T11:52:47+01:00,2026-01-20T15:55,shortwave_radiation,33,40,0.17,-0.004,45,0.9,1.93,0.18569,0.86,0.210792,0.00351319
9,2026-01-19T11:52:47+01:00,2026-01-20T15:56,shortwave_radiation,33,40,0.17,-0.004,45,0.9,1.93,0.18569,0.86,0.210792,0.00351319
9,2026-01-19T11:52:47+01:00,2026-01-20T15:57,shortwave_radiation,33,40,0.17,-0.004,45,0.9,1.93,0.18569,0.86,0.210792,0.00351319
9,2026-01-19T11:52:47+01:00,2026-01-20T15:58,shortwave_radiation,33,40,0.17,-0.004,45,0.9,1.93,0.18569,0.86,0.210792,0.00351319
9,2026-01-19T11:52:47+01:00,2026-01-20T15:59,shortwave_radiation,33,40,0.17,-0.004,45,0.9,1.93,0.18569,0.86,0.210792,0.00351319
9,2026-01-19T11:52:47+01:00,2026-01-20T16:00,shortwave_radiation,22,40,0.17,-0.004,45,0.9,1.59,0.18592,0.86,0.140705,0.00234508
9,2026-01-19T11:52:47+01:00,2026-01-20T16:01,shortwave_radiation,22,40,0.17,-0.004,45,0.9,1.59,0.18592,0.86,0.140705,0.00234508
9,2026-01-19T11:52:47+01:00,2026-01-20T16:02,shortwave_radiation,22,40,0.17,-0.004,45,0.9,1.59,0.18592,0.86,0.140705,0.00234508
9,2026-01-19T11:52:47+01:00,2026-01-20T16:03,shortwave_radiation,22,40,0.17,-0.004,45,0.9,1.59,0.18592,0.86,0.140705,0.00234508
9,2026-01-19T11:52:47+01:00,2026-01-20T16:04,shortwave_radiation,22,40,0.17,-0.004,45,0.9,1.59,0.18592,0.86,0.140705,0.00234508
9,2026-01-19T11:52:47+01:00,2026-01-20T16:05,shortwave_radiation,22,40,0.17,-0.004,45,0.9,1.59,0.18592,0.86,0.140705,0.00234508
9,2026-01-19T11:52:47+01:00,2026-01-20T16:06,shortwave_radiation,22,40,0.17,-0.004,45,0.9,1.59,0.18592,0.86,0.140705,0.00234508
9,2026-01-19T11:52:47+01:00,2026-01-20T16:07,shortwave_radiation,22,40,0.17,-0.004,45,0.9,1.59,0.18592,0.86,0.140705,0.00234508
9,2026-01-19T11:52:47+01:00,2026-01-20T16:08,shortwave_radiation,22,40,0.17,-0.004,45,0.9,1.59,0.18592,0.86,0.140705,0.00234508
9,2026-01-19T11:52:47+01:00,2026-01-20T16:09,shortwave_radiation,22,40,0.17,-0.004,45,0.9,1.59,0.18592,0.86,0.140705,0.00234508
9,2026-01-19T11:52:47+01:00,2026-01-20T16:10,shortwave_radiation,22,40,0.17,-0.004,45,0.9,1.59,0.18592,0.86,0.140705,0.00234508
9,2026-01-19T11:52:47+01:00,2026-01-20T16:11,shortwave_radiation,22,40,0.17,-0.004,45,0.9,1.59,0.18592,0.86,0.140705,0.00234508
9,2026-01-19T11:52:47+01:00,2026-01-20T16:12,shortwave_radiation,22,40,0.17,-0.004,45,0.9,1.59,0.18592,0.86,0.140705,0.00234508
9,2026-01-19T11:52:47+01:00,2026-01-20T16:13,shortwave_radiation,22,40,0.17,-0.004,45,0.9,1.59,0.18592,0.86,0.140705,0.00234508
9,2026-01-19T11:52:47+01:00,2026-01-20T16:14,shortwave_radiation,22,40,0.17,-0.004,45,0.9,1.59,0.18592,0.86,0.140705,0.00234508
9,2026-01-19T11:52:47+01:00,2026-01-20T16:15,shortwave_radiation,14,40,0.17,-0.004,45,0.9,1.34,0.18609,0.86,0.089621,0.00149369
9,2026-01-19T11:52:47+01:00,2026-01-20T16:16,shortwave_radiation,14,40,0.17,-0.004,45,0.9,1.34,0.18609,0.86,0.089621,0.00149369
9,2026-01-19T11:52:47+01:00,2026-01-20T16:17,shortwave_radiation,14,40,0.17,-0.004,45,0.9,1.34,0.18609,0.86,0.089621,0.00149369
9,2026-01-19T11:52:47+01:00,2026-01-20T16:18,shortwave_radiation,14,40,0.17,-0.004,45,0.9,1.34,0.18609,0.86,0.089621,0.00149369
9,2026-01-19T11:52:47+01:00,2026-01-20T16:19,shortwave_radiation,14,40,0.17,-0.004,45,0.9,1.34,0.18609,0.86,0.089621,0.00149369
9,2026-01-19T11:52:47+01:00,2026-01-20T16:20,shortwave_radiation,14,40,0.17,-0.004,45,0.9,1.34,0.18609,0.86,0.089621,0.00149369
9,2026-01-19T11:52:47+01:00,2026-01-20T16:21,shortwave_radiation,14,40,0.17,-0.004,45,0.9,1.34,0.18609,0.86,0.089621,0.00149369
9,2026-01-19T11:52:47+01:00,2026-01-20T16:22,shortwave_radiation,14,40,0.17,-0.004,45,0.9,1.34,0.18609,0.86,0.089621,0.00149369
9,2026-01-19T11:52:47+01:00,2026-01-20T16:23,shortwave_radiation,14,40,0.17,-0.004,45,0.9,1.34,0.18609,0.86,0.089621,0.00149369
9,2026-01-19T11:52:47+01:00,2026-01-20T16:24,shortwave_radiation,14,40,0.17,-0.004,45,0.9,1.34,0.18609,0.86,0.089621,0.00149369
9,2026-01-19T11:52:47+01:00,2026-01-20T16:25,shortwave_radiation,14,40,0.17,-0.004,45,0.9,1.34,0.18609,0.86,0.089621,0.00149369
9,2026-01-19T11:52:47+01:00,2026-01-20T16:26,shortwave_radiation,14,40,0.17,-0.004,45,0.9,1.34,0.18609,0.86,0.089621,0.00149369
9,2026-01-19T11:52:47+01:00,2026-01-20T16:27,shortwave_radiation,14,40,0.17,-0.004,45,0.9,1.34,0.18609,0.86,0.089621,0.00149369
9,2026-01-19T11:52:47+01:00,2026-01-20T16:28,shortwave_radiation,14,40,0.17,-0.004,45,0.9,1.34,0.18609,0.86,0.089621,0.00149369
9,2026-01-19T11:52:47+01:00,2026-01-20T16:29,shortwave_radiation,14,40,0.17,-0.004,45,0.9,1.34,0.18609,0.86,0.089621,0.00149369
9,2026-01-19T11:52:47+01:00,2026-01-20T16:30,shortwave_radiation,8,40,0.17,-0.004,45,0.9,1.15,0.18622,0.86,0.051247,0.00085412
9,2026-01-19T11:52:47+01:00,2026-01-20T16:31,shortwave_radiation,8,40,0.17,-0.004,45,0.9,1.15,0.18622,0.86,0.051247,0.00085412
9,2026-01-19T11:52:47+01:00,2026-01-20T16:32,shortwave_radiation,8,40,0.17,-0.004,45,0.9,1.15,0.18622,0.86,0.051247,0.00085412
9,2026-01-19T11:52:47+01:00,2026-01-20T16:33,shortwave_radiation,8,40,0.17,-0.004,45,0.9,1.15,0.18622,0.86,0.051247,0.00085412
9,2026-01-19T11:52:47+01:00,2026-01-20T16:34,shortwave_radiation,8,40,0.17,-0.004,45,0.9,1.15,0.18622,0.86,0.051247,0.00085412
9,2026-01-19T11:52:47+01:00,2026-01-20T16:35,shortwave_radiation,8,40,0.17,-0.004,45,0.9,1.15,0.18622,0.86,0.051247,0.00085412
9,2026-01-19T11:52:47+01:00,2026-01-20T16:36,shortwave_radiation,8,40,0.17,-0.004,45,0.9,1.15,0.18622,0.86,0.051247,0.00085412
9,2026-01-19T11:52:47+01:00,2026-01-20T16:37,shortwave_radiation,8,40,0.17,-0.004,45,0.9,1.15,0.18622,0.86,0.051247,0.00085412
9,2026-01-19T11:52:47+01:00,2026-01-20T16:38,shortwave_radiation,8,40,0.17,-0.004,45,0.9,1.15,0.18622,0.86,0.051247,0.00085412
9,2026-01-19T11:52:47+01:00,2026-01-20T16:39,shortwave_radiation,8,40,0.17,-0.004,45,0.9,1.15,0.18622,0.86,0.051247,0.00085412
9,2026-01-19T11:52:47+01:00,2026-01-20T16:40,shortwave_radiation,8,40,0.17,-0.004,45,0.9,1.15,0.18622,0.86,0.051247,0.00085412
9,2026-01-19T11:52:47+01:00,2026-01-20T16:41,shortwave_radiation,8,40,0.17,-0.004,45,0.9,1.15,0.18622,0.86,0.051247,0.00085412
9,2026-01-19T11:52:47+01:00,2026-01-20T16:42,shortwave_radiation,8,40,0.17,-0.004,45,0.9,1.15,0.18622,0.86,0.051247,0.00085412
9,2026-01-19T11:52:47+01:00,2026-01-20T16:43,shortwave_radiation,8,40,0.17,-0.004,45,0.9,1.15,0.18622,0.86,0.051247,0.00085412
9,2026-01-19T11:52:47+01:00,2026-01-20T16:44,shortwave_radiation,8,40,0.17,-0.004,45,0.9,1.15,0.18622,0.86,0.051247,0.00085412
9,2026-01-19T11:52:47+01:00,2026-01-20T16:45,shortwave_radiation,2,40,0.17,-0.004,45,0.8,0.86,0.18641,0.86,0.012825,0.00021375
9,2026-01-19T11:52:47+01:00,2026-01-20T16:46,shortwave_radiation,2,40,0.17,-0.004,45,0.8,0.86,0.18641,0.86,0.012825,0.00021375
9,2026-01-19T11:52:47+01:00,2026-01-20T16:47,shortwave_radiation,2,40,0.17,-0.004,45,0.8,0.86,0.18641,0.86,0.012825,0.00021375
9,2026-01-19T11:52:47+01:00,2026-01-20T16:48,shortwave_radiation,2,40,0.17,-0.004,45,0.8,0.86,0.18641,0.86,0.012825,0.00021375
9,2026-01-19T11:52:47+01:00,2026-01-20T16:49,shortwave_radiation,2,40,0.17,-0.004,45,0.8,0.86,0.18641,0.86,0.012825,0.00021375
9,2026-01-19T11:52:47+01:00,2026-01-20T16:50,shortwave_radiation,2,40,0.17,-0.004,45,0.8,0.86,0.18641,0.86,0.012825,0.00021375
9,2026-01-19T11:52:47+01:00,2026-01-20T16:51,shortwave_radiation,2,40,0.17,-0.004,45,0.8,0.86,0.18641,0.86,0.012825,0.00021375
9,2026-01-19T11:52:47+01:00,2026-01-20T16:52,shortwave_radiation,2,40,0.17,-0.004,45,0.8,0.86,0.18641,0.86,0.012825,0.00021375
9,2026-01-19T11:52:47+01:00,2026-01-20T16:53,shortwave_radiation,2,40,0.17,-0.004,45,0.8,0.86,0.18641,0.86,0.012825,0.00021375
9,2026-01-19T11:52:47+01:00,2026-01-20T16:54,shortwave_radiation,2,40,0.17,-0.004,45,0.8,0.86,0.18641,0.86,0.012825,0.00021375
9,2026-01-19T11:52:47+01:00,2026-01-20T16:55,shortwave_radiation,2,40,0.17,-0.004,45,0.8,0.86,0.18641,0.86,0.012825,0.00021375
9,2026-01-19T11:52:47+01:00,2026-01-20T16:56,shortwave_radiation,2,40,0.17,-0.004,45,0.8,0.86,0.18641,0.86,0.012825,0.00021375
9,2026-01-19T11:52:47+01:00,2026-01-20T16:57,shortwave_radiation,2,40,0.17,-0.004,45,0.8,0.86,0.18641,0.86,0.012825,0.00021375
9,2026-01-19T11:52:47+01:00,2026-01-20T16:58,shortwave_radiation,2,40,0.17,-0.004,45,0.8,0.86,0.18641,0.86,0.012825,0.00021375
9,2026-01-19T11:52:47+01:00,2026-01-20T16:59,shortwave_radiation,2,40,0.17,-0.004,45,0.8,0.86,0.18641,0.86,0.012825,0.00021375
